ModelCrossSection,ModelRiver,ModelReach,Gague,Date,Time,W.S. Elev,Obs WS,Modeled Q,Obs Q
109.9,MISSISSIPPI,KASKY_BIGMUDDY,CHESTER,01 April 2017, 06:00,364.45,359.06,364418,270964
109.9,MISSISSIPPI,KASKY_BIGMUDDY,CHESTER,01 April 2017, 08:00,364.43,359.35,363894,275697
109.9,MISSISSIPPI,KASKY_BIGMUDDY,CHESTER,01 April 2017, 10:00,364.43,359.62,364115,280150
109.9,MISSISSIPPI,KASKY_BIGMUDDY,CHESTER,01 April 2017, 12:00,364.44,359.88,364809,284481
109.9,MISSISSIPPI,KASKY_BIGMUDDY,CHESTER,01 April 2017, 14:00,364.49,359.94,366756,285486
109.9,MISSISSIPPI,KASKY_BIGMUDDY,CHESTER,01 April 2017, 16:00,364.59,360.33,370151,292076
109.9,MISSISSIPPI,KASKY_BIGMUDDY,CHESTER,01 April 2017, 18:00,364.73,360.55,374686,295836
109.9,MISSISSIPPI,KASKY_BIGMUDDY,CHESTER,01 April 2017, 20:00,364.9,360.61,379435,296867
109.9,MISSISSIPPI,KASKY_BIGMUDDY,CHESTER,01 April 2017, 22:00,365.08,360.78,383542,299799
109.9,MISSISSIPPI,KASKY_BIGMUDDY,CHESTER,01 April 2017, 24:00,365.23,360.96,386695,302924
109.9,MISSISSIPPI,KASKY_BIGMUDDY,CHESTER,02 April 2017, 02:00,365.36,361.16,388987,306420
109.9,MISSISSIPPI,KASKY_BIGMUDDY,CHESTER,02 April 2017, 04:00,365.47,361.32,390589,309235
109.9,MISSISSIPPI,KASKY_BIGMUDDY,CHESTER,02 April 2017, 06:00,365.54,361.41,391505,310826
109.9,MISSISSIPPI,KASKY_BIGMUDDY,CHESTER,02 April 2017, 08:00,365.6,361.62,391905,314558
109.9,MISSISSIPPI,KASKY_BIGMUDDY,CHESTER,02 April 2017, 10:00,365.63,361.72,391907,316345
109.9,MISSISSIPPI,KASKY_BIGMUDDY,CHESTER,02 April 2017, 12:00,365.65,361.9,391643,319578
109.9,MISSISSIPPI,KASKY_BIGMUDDY,CHESTER,02 April 2017, 14:00,365.65,362.1,391190,323194
109.9,MISSISSIPPI,KASKY_BIGMUDDY,CHESTER,02 April 2017, 16:00,365.64,362.21,390603,325194
109.9,MISSISSIPPI,KASKY_BIGMUDDY,CHESTER,02 April 2017, 18:00,365.63,362.25,389943,325924
109.9,MISSISSIPPI,KASKY_BIGMUDDY,CHESTER,02 April 2017, 20:00,365.61,362.59,389230,332164
109.9,MISSISSIPPI,KASKY_BIGMUDDY,CHESTER,02 April 2017, 22:00,365.58,362.64,388518,333088
109.9,MISSISSIPPI,KASKY_BIGMUDDY,CHESTER,02 April 2017, 24:00,365.55,362.81,387855,336242
109.9,MISSISSIPPI,KASKY_BIGMUDDY,CHESTER,03 April 2017, 02:00,365.52,363.07,387252,341102
109.9,MISSISSIPPI,KASKY_BIGMUDDY,CHESTER,03 April 2017, 04:00,365.49,363.19,386729,343360
109.9,MISSISSIPPI,KASKY_BIGMUDDY,CHESTER,03 April 2017, 06:00,365.46,363.39,386252,347144
109.9,MISSISSIPPI,KASKY_BIGMUDDY,CHESTER,03 April 2017, 08:00,365.44,363.64,385797,351693
109.9,MISSISSIPPI,KASKY_BIGMUDDY,CHESTER,03 April 2017, 10:00,365.41,363.72,385368,353052
109.9,MISSISSIPPI,KASKY_BIGMUDDY,CHESTER,03 April 2017, 12:00,365.38,363.88,384864,355779
109.9,MISSISSIPPI,KASKY_BIGMUDDY,CHESTER,03 April 2017, 14:00,365.36,363.99,384271,357660
109.9,MISSISSIPPI,KASKY_BIGMUDDY,CHESTER,03 April 2017, 16:00,365.32,364.05,383658,358689
109.9,MISSISSIPPI,KASKY_BIGMUDDY,CHESTER,03 April 2017, 18:00,365.29,364.22,382866,361613
109.9,MISSISSIPPI,KASKY_BIGMUDDY,CHESTER,03 April 2017, 20:00,365.25,364.22,381960,361613
109.9,MISSISSIPPI,KASKY_BIGMUDDY,CHESTER,03 April 2017, 22:00,365.2,364.29,380846,362821
109.9,MISSISSIPPI,KASKY_BIGMUDDY,CHESTER,03 April 2017, 24:00,365.14,364.44,379643,365418
109.9,MISSISSIPPI,KASKY_BIGMUDDY,CHESTER,04 April 2017, 02:00,365.09,364.43,378336,365245
109.9,MISSISSIPPI,KASKY_BIGMUDDY,CHESTER,04 April 2017, 04:00,365.02,364.54,376953,367155
109.9,MISSISSIPPI,KASKY_BIGMUDDY,CHESTER,04 April 2017, 06:00,364.96,364.47,375541,365939
109.9,MISSISSIPPI,KASKY_BIGMUDDY,CHESTER,04 April 2017, 08:00,364.89,364.5,374084,366460
109.9,MISSISSIPPI,KASKY_BIGMUDDY,CHESTER,04 April 2017, 10:00,364.82,364.54,372623,367155
109.9,MISSISSIPPI,KASKY_BIGMUDDY,CHESTER,04 April 2017, 12:00,364.75,364.47,371143,365939
109.9,MISSISSIPPI,KASKY_BIGMUDDY,CHESTER,04 April 2017, 14:00,364.68,364.49,369651,366286
109.9,MISSISSIPPI,KASKY_BIGMUDDY,CHESTER,04 April 2017, 16:00,364.61,364.62,368175,368549
109.9,MISSISSIPPI,KASKY_BIGMUDDY,CHESTER,04 April 2017, 18:00,364.53,364.52,366727,366807
109.9,MISSISSIPPI,KASKY_BIGMUDDY,CHESTER,04 April 2017, 20:00,364.46,364.5,365359,366460
109.9,MISSISSIPPI,KASKY_BIGMUDDY,CHESTER,04 April 2017, 22:00,364.4,364.37,364028,364205
109.9,MISSISSIPPI,KASKY_BIGMUDDY,CHESTER,04 April 2017, 24:00,364.33,364.44,362760,365418
109.9,MISSISSIPPI,KASKY_BIGMUDDY,CHESTER,05 April 2017, 02:00,364.26,364.42,361509,365071
109.9,MISSISSIPPI,KASKY_BIGMUDDY,CHESTER,05 April 2017, 04:00,364.2,364.41,360323,364898
109.9,MISSISSIPPI,KASKY_BIGMUDDY,CHESTER,05 April 2017, 06:00,364.14,364.33,359184,363513
109.9,MISSISSIPPI,KASKY_BIGMUDDY,CHESTER,05 April 2017, 08:00,364.08,364.26,358048,362303
109.9,MISSISSIPPI,KASKY_BIGMUDDY,CHESTER,05 April 2017, 10:00,364.03,364.16,356972,360579
109.9,MISSISSIPPI,KASKY_BIGMUDDY,CHESTER,05 April 2017, 12:00,363.98,364.3,356019,362994
109.9,MISSISSIPPI,KASKY_BIGMUDDY,CHESTER,05 April 2017, 14:00,363.94,364.37,355189,364205
109.9,MISSISSIPPI,KASKY_BIGMUDDY,CHESTER,05 April 2017, 16:00,363.91,364.36,354623,364032
109.9,MISSISSIPPI,KASKY_BIGMUDDY,CHESTER,05 April 2017, 18:00,363.9,364.52,354387,366807
109.9,MISSISSIPPI,KASKY_BIGMUDDY,CHESTER,05 April 2017, 20:00,363.9,364.66,354473,369246
109.9,MISSISSIPPI,KASKY_BIGMUDDY,CHESTER,05 April 2017, 22:00,363.92,364.75,354947,370819
109.9,MISSISSIPPI,KASKY_BIGMUDDY,CHESTER,05 April 2017, 24:00,363.96,364.88,355838,373098
109.9,MISSISSIPPI,KASKY_BIGMUDDY,CHESTER,06 April 2017, 02:00,364.02,365.01,357230,375385
109.9,MISSISSIPPI,KASKY_BIGMUDDY,CHESTER,06 April 2017, 04:00,364.1,365.17,358909,378211
109.9,MISSISSIPPI,KASKY_BIGMUDDY,CHESTER,06 April 2017, 06:00,364.21,365.33,361253,381050
109.9,MISSISSIPPI,KASKY_BIGMUDDY,CHESTER,06 April 2017, 08:00,364.34,365.53,363923,384615
109.9,MISSISSIPPI,KASKY_BIGMUDDY,CHESTER,06 April 2017, 10:00,364.49,365.71,367112,387841
109.9,MISSISSIPPI,KASKY_BIGMUDDY,CHESTER,06 April 2017, 12:00,364.66,365.85,370792,390361
109.9,MISSISSIPPI,KASKY_BIGMUDDY,CHESTER,06 April 2017, 14:00,364.86,366.11,375009,395066
109.9,MISSISSIPPI,KASKY_BIGMUDDY,CHESTER,06 April 2017, 16:00,365.07,366.3,379556,398525
109.9,MISSISSIPPI,KASKY_BIGMUDDY,CHESTER,06 April 2017, 18:00,365.3,366.47,384626,401635
109.9,MISSISSIPPI,KASKY_BIGMUDDY,CHESTER,06 April 2017, 20:00,365.55,366.69,389892,405681
109.9,MISSISSIPPI,KASKY_BIGMUDDY,CHESTER,06 April 2017, 22:00,365.81,366.76,395467,406973
109.9,MISSISSIPPI,KASKY_BIGMUDDY,CHESTER,06 April 2017, 24:00,366.08,367.07,401311,412726
109.9,MISSISSIPPI,KASKY_BIGMUDDY,CHESTER,07 April 2017, 02:00,366.35,367.25,407129,416087
109.9,MISSISSIPPI,KASKY_BIGMUDDY,CHESTER,07 April 2017, 04:00,366.63,367.37,412995,418337
109.9,MISSISSIPPI,KASKY_BIGMUDDY,CHESTER,07 April 2017, 06:00,366.91,367.62,418658,423048
109.9,MISSISSIPPI,KASKY_BIGMUDDY,CHESTER,07 April 2017, 08:00,367.18,367.77,424108,425889
109.9,MISSISSIPPI,KASKY_BIGMUDDY,CHESTER,07 April 2017, 10:00,367.44,367.9,429266,428360
109.9,MISSISSIPPI,KASKY_BIGMUDDY,CHESTER,07 April 2017, 12:00,367.68,368.06,434224,431413
109.9,MISSISSIPPI,KASKY_BIGMUDDY,CHESTER,07 April 2017, 14:00,367.92,368.21,439099,434287
109.9,MISSISSIPPI,KASKY_BIGMUDDY,CHESTER,07 April 2017, 16:00,368.15,368.35,443709,436979
109.9,MISSISSIPPI,KASKY_BIGMUDDY,CHESTER,07 April 2017, 18:00,368.37,368.47,448054,439295
109.9,MISSISSIPPI,KASKY_BIGMUDDY,CHESTER,07 April 2017, 20:00,368.57,368.61,452188,442005
109.9,MISSISSIPPI,KASKY_BIGMUDDY,CHESTER,07 April 2017, 22:00,368.76,368.76,456297,444920
109.9,MISSISSIPPI,KASKY_BIGMUDDY,CHESTER,07 April 2017, 24:00,368.94,368.87,460358,447065
109.9,MISSISSIPPI,KASKY_BIGMUDDY,CHESTER,08 April 2017, 02:00,369.11,368.99,464226,449411
109.9,MISSISSIPPI,KASKY_BIGMUDDY,CHESTER,08 April 2017, 04:00,369.28,369.21,467908,453732
109.9,MISSISSIPPI,KASKY_BIGMUDDY,CHESTER,08 April 2017, 06:00,369.43,369.28,471287,455112
109.9,MISSISSIPPI,KASKY_BIGMUDDY,CHESTER,08 April 2017, 08:00,369.57,369.4,474512,457483
109.9,MISSISSIPPI,KASKY_BIGMUDDY,CHESTER,08 April 2017, 10:00,369.7,369.58,477590,461054
109.9,MISSISSIPPI,KASKY_BIGMUDDY,CHESTER,08 April 2017, 12:00,369.82,369.7,480608,463443
109.9,MISSISSIPPI,KASKY_BIGMUDDY,CHESTER,08 April 2017, 14:00,369.94,369.77,483650,464840
109.9,MISSISSIPPI,KASKY_BIGMUDDY,CHESTER,08 April 2017, 16:00,370.05,370.01,486583,469649
109.9,MISSISSIPPI,KASKY_BIGMUDDY,CHESTER,08 April 2017, 18:00,370.17,370.07,489376,470856
109.9,MISSISSIPPI,KASKY_BIGMUDDY,CHESTER,08 April 2017, 20:00,370.28,370.23,491830,474083
109.9,MISSISSIPPI,KASKY_BIGMUDDY,CHESTER,08 April 2017, 22:00,370.39,370.37,494106,476917
109.9,MISSISSIPPI,KASKY_BIGMUDDY,CHESTER,08 April 2017, 24:00,370.49,370.51,496077,479761
109.9,MISSISSIPPI,KASKY_BIGMUDDY,CHESTER,09 April 2017, 02:00,370.58,370.54,498022,480372
109.9,MISSISSIPPI,KASKY_BIGMUDDY,CHESTER,09 April 2017, 04:00,370.67,370.7,499958,483637
109.9,MISSISSIPPI,KASKY_BIGMUDDY,CHESTER,09 April 2017, 06:00,370.76,370.78,501772,485274
109.9,MISSISSIPPI,KASKY_BIGMUDDY,CHESTER,09 April 2017, 08:00,370.84,370.82,503543,486094
109.9,MISSISSIPPI,KASKY_BIGMUDDY,CHESTER,09 April 2017, 10:00,370.92,370.89,505235,487531
109.9,MISSISSIPPI,KASKY_BIGMUDDY,CHESTER,09 April 2017, 12:00,370.99,370.88,506842,487325
109.9,MISSISSIPPI,KASKY_BIGMUDDY,CHESTER,09 April 2017, 14:00,371.06,370.97,508361,489176
109.9,MISSISSIPPI,KASKY_BIGMUDDY,CHESTER,09 April 2017, 16:00,371.13,371.1,509816,491856
109.9,MISSISSIPPI,KASKY_BIGMUDDY,CHESTER,09 April 2017, 18:00,371.19,371.06,511203,491030
109.9,MISSISSIPPI,KASKY_BIGMUDDY,CHESTER,09 April 2017, 20:00,371.25,371.16,512501,493096
109.9,MISSISSIPPI,KASKY_BIGMUDDY,CHESTER,09 April 2017, 22:00,371.3,371.19,513726,493716
109.9,MISSISSIPPI,KASKY_BIGMUDDY,CHESTER,09 April 2017, 24:00,371.35,371.18,514879,493509
109.9,MISSISSIPPI,KASKY_BIGMUDDY,CHESTER,10 April 2017, 02:00,371.4,371.22,515917,494337
109.9,MISSISSIPPI,KASKY_BIGMUDDY,CHESTER,10 April 2017, 04:00,371.44,371.27,516774,495373
109.9,MISSISSIPPI,KASKY_BIGMUDDY,CHESTER,10 April 2017, 06:00,371.49,371.36,517544,497242
109.9,MISSISSIPPI,KASKY_BIGMUDDY,CHESTER,10 April 2017, 08:00,371.53,371.35,518188,497034
109.9,MISSISSIPPI,KASKY_BIGMUDDY,CHESTER,10 April 2017, 10:00,371.57,371.31,518754,496203
109.9,MISSISSIPPI,KASKY_BIGMUDDY,CHESTER,10 April 2017, 12:00,371.6,371.36,519238,497242
109.9,MISSISSIPPI,KASKY_BIGMUDDY,CHESTER,10 April 2017, 14:00,371.63,371.29,519610,495788
109.9,MISSISSIPPI,KASKY_BIGMUDDY,CHESTER,10 April 2017, 16:00,371.66,371.3,519941,495996
109.9,MISSISSIPPI,KASKY_BIGMUDDY,CHESTER,10 April 2017, 18:00,371.69,371.23,520128,494544
109.9,MISSISSIPPI,KASKY_BIGMUDDY,CHESTER,10 April 2017, 20:00,371.71,371.32,520288,496411
109.9,MISSISSIPPI,KASKY_BIGMUDDY,CHESTER,10 April 2017, 22:00,371.73,371.26,520366,495166
109.9,MISSISSIPPI,KASKY_BIGMUDDY,CHESTER,10 April 2017, 24:00,371.74,371.27,520375,495373
109.9,MISSISSIPPI,KASKY_BIGMUDDY,CHESTER,11 April 2017, 02:00,371.75,371.25,520293,494959
109.9,MISSISSIPPI,KASKY_BIGMUDDY,CHESTER,11 April 2017, 04:00,371.75,371.19,520139,493716
109.9,MISSISSIPPI,KASKY_BIGMUDDY,CHESTER,11 April 2017, 06:00,371.75,371.13,519915,492475
109.9,MISSISSIPPI,KASKY_BIGMUDDY,CHESTER,11 April 2017, 08:00,371.74,371.16,519595,493096
109.9,MISSISSIPPI,KASKY_BIGMUDDY,CHESTER,11 April 2017, 10:00,371.73,371.1,519240,491856
109.9,MISSISSIPPI,KASKY_BIGMUDDY,CHESTER,11 April 2017, 12:00,371.71,371.06,518822,491030
109.9,MISSISSIPPI,KASKY_BIGMUDDY,CHESTER,11 April 2017, 14:00,371.68,370.95,518310,488764
109.9,MISSISSIPPI,KASKY_BIGMUDDY,CHESTER,11 April 2017, 16:00,371.64,370.96,517730,488970
109.9,MISSISSIPPI,KASKY_BIGMUDDY,CHESTER,11 April 2017, 18:00,371.6,370.95,517075,488764
109.9,MISSISSIPPI,KASKY_BIGMUDDY,CHESTER,11 April 2017, 20:00,371.55,370.83,516300,486299
109.9,MISSISSIPPI,KASKY_BIGMUDDY,CHESTER,11 April 2017, 22:00,371.49,370.81,515328,485889
109.9,MISSISSIPPI,KASKY_BIGMUDDY,CHESTER,11 April 2017, 24:00,371.43,370.64,514290,482411
109.9,MISSISSIPPI,KASKY_BIGMUDDY,CHESTER,12 April 2017, 02:00,371.36,370.63,513058,482207
109.9,MISSISSIPPI,KASKY_BIGMUDDY,CHESTER,12 April 2017, 04:00,371.29,370.55,511680,480575
109.9,MISSISSIPPI,KASKY_BIGMUDDY,CHESTER,12 April 2017, 06:00,371.22,370.56,510090,480779
109.9,MISSISSIPPI,KASKY_BIGMUDDY,CHESTER,12 April 2017, 08:00,371.14,370.5,508314,479558
109.9,MISSISSIPPI,KASKY_BIGMUDDY,CHESTER,12 April 2017, 10:00,371.05,370.42,506347,477932
109.9,MISSISSIPPI,KASKY_BIGMUDDY,CHESTER,12 April 2017, 12:00,370.96,370.32,504004,475904
109.9,MISSISSIPPI,KASKY_BIGMUDDY,CHESTER,12 April 2017, 14:00,370.84,370.26,500866,474689
109.9,MISSISSIPPI,KASKY_BIGMUDDY,CHESTER,12 April 2017, 16:00,370.71,370.18,497363,473073
109.9,MISSISSIPPI,KASKY_BIGMUDDY,CHESTER,12 April 2017, 18:00,370.57,370.08,493444,471057
109.9,MISSISSIPPI,KASKY_BIGMUDDY,CHESTER,12 April 2017, 20:00,370.43,370.06,489502,470655
109.9,MISSISSIPPI,KASKY_BIGMUDDY,CHESTER,12 April 2017, 22:00,370.29,369.9,485673,467442
109.9,MISSISSIPPI,KASKY_BIGMUDDY,CHESTER,12 April 2017, 24:00,370.14,369.83,481873,466040
109.9,MISSISSIPPI,KASKY_BIGMUDDY,CHESTER,13 April 2017, 02:00,369.99,369.83,478031,466040
109.9,MISSISSIPPI,KASKY_BIGMUDDY,CHESTER,13 April 2017, 04:00,369.84,369.72,474405,463842
109.9,MISSISSIPPI,KASKY_BIGMUDDY,CHESTER,13 April 2017, 06:00,369.69,369.68,470706,463044
109.9,MISSISSIPPI,KASKY_BIGMUDDY,CHESTER,13 April 2017, 08:00,369.53,369.6,466999,461452
109.9,MISSISSIPPI,KASKY_BIGMUDDY,CHESTER,13 April 2017, 10:00,369.37,369.49,463263,459267
109.9,MISSISSIPPI,KASKY_BIGMUDDY,CHESTER,13 April 2017, 12:00,369.21,369.4,459576,457483
109.9,MISSISSIPPI,KASKY_BIGMUDDY,CHESTER,13 April 2017, 14:00,369.05,369.31,456032,455704
109.9,MISSISSIPPI,KASKY_BIGMUDDY,CHESTER,13 April 2017, 16:00,368.9,369.1,452600,451569
109.9,MISSISSIPPI,KASKY_BIGMUDDY,CHESTER,13 April 2017, 18:00,368.75,369.08,449208,451176
109.9,MISSISSIPPI,KASKY_BIGMUDDY,CHESTER,13 April 2017, 20:00,368.6,368.96,445814,448824
109.9,MISSISSIPPI,KASKY_BIGMUDDY,CHESTER,13 April 2017, 22:00,368.45,368.93,442582,448237
109.9,MISSISSIPPI,KASKY_BIGMUDDY,CHESTER,13 April 2017, 24:00,368.31,368.77,439440,445115
109.9,MISSISSIPPI,KASKY_BIGMUDDY,CHESTER,14 April 2017, 02:00,368.17,368.68,436373,443364
109.9,MISSISSIPPI,KASKY_BIGMUDDY,CHESTER,14 April 2017, 04:00,368.03,368.64,433365,442587
109.9,MISSISSIPPI,KASKY_BIGMUDDY,CHESTER,14 April 2017, 06:00,367.89,368.5,430389,439875
109.9,MISSISSIPPI,KASKY_BIGMUDDY,CHESTER,14 April 2017, 08:00,367.75,368.39,427473,437750
109.9,MISSISSIPPI,KASKY_BIGMUDDY,CHESTER,14 April 2017, 10:00,367.61,368.39,424480,437750
109.9,MISSISSIPPI,KASKY_BIGMUDDY,CHESTER,14 April 2017, 12:00,367.47,368.23,421715,434671
109.9,MISSISSIPPI,KASKY_BIGMUDDY,CHESTER,14 April 2017, 14:00,367.34,368.17,418949,433519
109.9,MISSISSIPPI,KASKY_BIGMUDDY,CHESTER,14 April 2017, 16:00,367.2,368.07,416204,431604
109.9,MISSISSIPPI,KASKY_BIGMUDDY,CHESTER,14 April 2017, 18:00,367.06,367.95,413559,429313
109.9,MISSISSIPPI,KASKY_BIGMUDDY,CHESTER,14 April 2017, 20:00,366.93,367.93,410893,428931
109.9,MISSISSIPPI,KASKY_BIGMUDDY,CHESTER,14 April 2017, 22:00,366.8,367.75,408439,425509
109.9,MISSISSIPPI,KASKY_BIGMUDDY,CHESTER,14 April 2017, 24:00,366.67,367.67,405916,423993
109.9,MISSISSIPPI,KASKY_BIGMUDDY,CHESTER,15 April 2017, 02:00,366.55,367.52,403519,421160
109.9,MISSISSIPPI,KASKY_BIGMUDDY,CHESTER,15 April 2017, 04:00,366.42,367.5,401142,420783
109.9,MISSISSIPPI,KASKY_BIGMUDDY,CHESTER,15 April 2017, 06:00,366.3,367.37,398777,418337
109.9,MISSISSIPPI,KASKY_BIGMUDDY,CHESTER,15 April 2017, 08:00,366.18,367.32,396469,417399
109.9,MISSISSIPPI,KASKY_BIGMUDDY,CHESTER,15 April 2017, 10:00,366.06,367.22,394174,415526
109.9,MISSISSIPPI,KASKY_BIGMUDDY,CHESTER,15 April 2017, 12:00,365.94,367.16,391948,414404
109.9,MISSISSIPPI,KASKY_BIGMUDDY,CHESTER,15 April 2017, 14:00,365.82,367.07,389755,412726
109.9,MISSISSIPPI,KASKY_BIGMUDDY,CHESTER,15 April 2017, 16:00,365.71,366.91,387582,409751
109.9,MISSISSIPPI,KASKY_BIGMUDDY,CHESTER,15 April 2017, 18:00,365.59,366.78,385444,407343
109.9,MISSISSIPPI,KASKY_BIGMUDDY,CHESTER,15 April 2017, 20:00,365.48,366.77,383349,407158
109.9,MISSISSIPPI,KASKY_BIGMUDDY,CHESTER,15 April 2017, 22:00,365.38,366.7,381328,405866
109.9,MISSISSIPPI,KASKY_BIGMUDDY,CHESTER,15 April 2017, 24:00,365.27,366.51,379326,402369
109.9,MISSISSIPPI,KASKY_BIGMUDDY,CHESTER,16 April 2017, 02:00,365.17,366.47,377381,401635
109.9,MISSISSIPPI,KASKY_BIGMUDDY,CHESTER,16 April 2017, 04:00,365.06,366.43,375469,400902
109.9,MISSISSIPPI,KASKY_BIGMUDDY,CHESTER,16 April 2017, 06:00,364.96,366.44,373565,401085
109.9,MISSISSIPPI,KASKY_BIGMUDDY,CHESTER,16 April 2017, 08:00,364.86,366.25,371754,397613
109.9,MISSISSIPPI,KASKY_BIGMUDDY,CHESTER,16 April 2017, 10:00,364.77,366.29,369930,398343
109.9,MISSISSIPPI,KASKY_BIGMUDDY,CHESTER,16 April 2017, 12:00,364.67,366.13,368111,395429
109.9,MISSISSIPPI,KASKY_BIGMUDDY,CHESTER,16 April 2017, 14:00,364.58,366.07,366325,394340
109.9,MISSISSIPPI,KASKY_BIGMUDDY,CHESTER,16 April 2017, 16:00,364.48,366,364550,393071
109.9,MISSISSIPPI,KASKY_BIGMUDDY,CHESTER,16 April 2017, 18:00,364.39,365.97,362780,392528
109.9,MISSISSIPPI,KASKY_BIGMUDDY,CHESTER,16 April 2017, 20:00,364.3,365.89,361074,391083
109.9,MISSISSIPPI,KASKY_BIGMUDDY,CHESTER,16 April 2017, 22:00,364.21,365.79,359404,389280
109.9,MISSISSIPPI,KASKY_BIGMUDDY,CHESTER,16 April 2017, 24:00,364.12,365.73,357763,388200
109.9,MISSISSIPPI,KASKY_BIGMUDDY,CHESTER,17 April 2017, 02:00,364.03,365.66,356141,386943
109.9,MISSISSIPPI,KASKY_BIGMUDDY,CHESTER,17 April 2017, 04:00,363.94,365.65,354425,386764
109.9,MISSISSIPPI,KASKY_BIGMUDDY,CHESTER,17 April 2017, 06:00,363.85,365.51,352731,384258
109.9,MISSISSIPPI,KASKY_BIGMUDDY,CHESTER,17 April 2017, 08:00,363.76,365.44,351029,383008
109.9,MISSISSIPPI,KASKY_BIGMUDDY,CHESTER,17 April 2017, 10:00,363.67,365.34,349308,381227
109.9,MISSISSIPPI,KASKY_BIGMUDDY,CHESTER,17 April 2017, 12:00,363.58,365.3,347575,380516
109.9,MISSISSIPPI,KASKY_BIGMUDDY,CHESTER,17 April 2017, 14:00,363.49,365.16,345822,378034
109.9,MISSISSIPPI,KASKY_BIGMUDDY,CHESTER,17 April 2017, 16:00,363.4,365.13,344107,377503
109.9,MISSISSIPPI,KASKY_BIGMUDDY,CHESTER,17 April 2017, 18:00,363.31,365.03,342371,375738
109.9,MISSISSIPPI,KASKY_BIGMUDDY,CHESTER,17 April 2017, 20:00,363.22,364.98,340680,374857
109.9,MISSISSIPPI,KASKY_BIGMUDDY,CHESTER,17 April 2017, 22:00,363.14,364.83,339042,372221
109.9,MISSISSIPPI,KASKY_BIGMUDDY,CHESTER,17 April 2017, 24:00,363.05,364.74,337453,370644
109.9,MISSISSIPPI,KASKY_BIGMUDDY,CHESTER,18 April 2017, 02:00,362.96,364.64,335918,368897
109.9,MISSISSIPPI,KASKY_BIGMUDDY,CHESTER,18 April 2017, 04:00,362.88,364.49,334445,366286
109.9,MISSISSIPPI,KASKY_BIGMUDDY,CHESTER,18 April 2017, 06:00,362.8,364.38,333024,364378
109.9,MISSISSIPPI,KASKY_BIGMUDDY,CHESTER,18 April 2017, 08:00,362.72,364.41,331628,364898
109.9,MISSISSIPPI,KASKY_BIGMUDDY,CHESTER,18 April 2017, 10:00,362.65,364.33,330289,363513
109.9,MISSISSIPPI,KASKY_BIGMUDDY,CHESTER,18 April 2017, 12:00,362.58,364.2,329019,361268
109.9,MISSISSIPPI,KASKY_BIGMUDDY,CHESTER,18 April 2017, 14:00,362.51,364.1,327809,359547
109.9,MISSISSIPPI,KASKY_BIGMUDDY,CHESTER,18 April 2017, 16:00,362.44,364.02,326687,358174
109.9,MISSISSIPPI,KASKY_BIGMUDDY,CHESTER,18 April 2017, 18:00,362.38,363.96,325611,357146
109.9,MISSISSIPPI,KASKY_BIGMUDDY,CHESTER,18 April 2017, 20:00,362.32,363.91,324630,356291
109.9,MISSISSIPPI,KASKY_BIGMUDDY,CHESTER,18 April 2017, 22:00,362.27,363.81,323680,354584
109.9,MISSISSIPPI,KASKY_BIGMUDDY,CHESTER,18 April 2017, 24:00,362.22,363.7,322845,352712
109.9,MISSISSIPPI,KASKY_BIGMUDDY,CHESTER,19 April 2017, 02:00,362.17,363.66,322125,352033
109.9,MISSISSIPPI,KASKY_BIGMUDDY,CHESTER,19 April 2017, 04:00,362.13,363.54,321516,350000
109.9,MISSISSIPPI,KASKY_BIGMUDDY,CHESTER,19 April 2017, 06:00,362.09,363.51,321011,349427
109.9,MISSISSIPPI,KASKY_BIGMUDDY,CHESTER,19 April 2017, 08:00,362.06,363.46,320613,348475
109.9,MISSISSIPPI,KASKY_BIGMUDDY,CHESTER,19 April 2017, 10:00,362.04,363.38,320347,346954
109.9,MISSISSIPPI,KASKY_BIGMUDDY,CHESTER,19 April 2017, 12:00,362.02,363.43,320226,347904
109.9,MISSISSIPPI,KASKY_BIGMUDDY,CHESTER,19 April 2017, 14:00,362.01,363.44,320212,348094
109.9,MISSISSIPPI,KASKY_BIGMUDDY,CHESTER,19 April 2017, 16:00,362.01,363.37,320292,346764
109.9,MISSISSIPPI,KASKY_BIGMUDDY,CHESTER,19 April 2017, 18:00,362.01,363.32,320500,345817
109.9,MISSISSIPPI,KASKY_BIGMUDDY,CHESTER,19 April 2017, 20:00,362.01,363.25,320797,344492
109.9,MISSISSIPPI,KASKY_BIGMUDDY,CHESTER,19 April 2017, 22:00,362.03,363.27,321181,344870
109.9,MISSISSIPPI,KASKY_BIGMUDDY,CHESTER,19 April 2017, 24:00,362.04,363.29,321657,345249
109.9,MISSISSIPPI,KASKY_BIGMUDDY,CHESTER,20 April 2017, 02:00,362.06,363.23,322190,344115
109.9,MISSISSIPPI,KASKY_BIGMUDDY,CHESTER,20 April 2017, 04:00,362.09,363.27,322795,344870
109.9,MISSISSIPPI,KASKY_BIGMUDDY,CHESTER,20 April 2017, 06:00,362.11,363.24,323462,344303
109.9,MISSISSIPPI,KASKY_BIGMUDDY,CHESTER,20 April 2017, 08:00,362.14,363.33,324198,346006
109.9,MISSISSIPPI,KASKY_BIGMUDDY,CHESTER,20 April 2017, 10:00,362.18,363.39,324980,347144
109.9,MISSISSIPPI,KASKY_BIGMUDDY,CHESTER,20 April 2017, 12:00,362.22,363.38,325793,346954
109.9,MISSISSIPPI,KASKY_BIGMUDDY,CHESTER,20 April 2017, 14:00,362.25,363.47,326620,348665
109.9,MISSISSIPPI,KASKY_BIGMUDDY,CHESTER,20 April 2017, 16:00,362.29,363.43,327448,347904
109.9,MISSISSIPPI,KASKY_BIGMUDDY,CHESTER,20 April 2017, 18:00,362.33,363.53,328274,349809
109.9,MISSISSIPPI,KASKY_BIGMUDDY,CHESTER,20 April 2017, 20:00,362.38,363.58,329083,350677
109.9,MISSISSIPPI,KASKY_BIGMUDDY,CHESTER,20 April 2017, 22:00,362.42,363.52,329884,349618
109.9,MISSISSIPPI,KASKY_BIGMUDDY,CHESTER,20 April 2017, 24:00,362.46,363.64,330662,351693
109.9,MISSISSIPPI,KASKY_BIGMUDDY,CHESTER,21 April 2017, 02:00,362.5,363.69,331414,352542
109.9,MISSISSIPPI,KASKY_BIGMUDDY,CHESTER,21 April 2017, 04:00,362.53,363.69,332136,352542
109.9,MISSISSIPPI,KASKY_BIGMUDDY,CHESTER,21 April 2017, 06:00,362.57,363.74,332828,353392
109.9,MISSISSIPPI,KASKY_BIGMUDDY,CHESTER,21 April 2017, 08:00,362.61,363.78,333474,354073
109.9,MISSISSIPPI,KASKY_BIGMUDDY,CHESTER,21 April 2017, 10:00,362.64,363.87,334080,355608
109.9,MISSISSIPPI,KASKY_BIGMUDDY,CHESTER,21 April 2017, 12:00,362.67,363.87,334650,355608
109.9,MISSISSIPPI,KASKY_BIGMUDDY,CHESTER,21 April 2017, 14:00,362.7,364.06,335181,358860
109.9,MISSISSIPPI,KASKY_BIGMUDDY,CHESTER,21 April 2017, 16:00,362.73,363.96,335667,357146
109.9,MISSISSIPPI,KASKY_BIGMUDDY,CHESTER,21 April 2017, 18:00,362.76,363.95,336112,356975
109.9,MISSISSIPPI,KASKY_BIGMUDDY,CHESTER,21 April 2017, 20:00,362.78,364.06,336496,358860
109.9,MISSISSIPPI,KASKY_BIGMUDDY,CHESTER,21 April 2017, 22:00,362.8,364.08,336827,359204
109.9,MISSISSIPPI,KASKY_BIGMUDDY,CHESTER,21 April 2017, 24:00,362.82,364.03,337102,358346
109.9,MISSISSIPPI,KASKY_BIGMUDDY,CHESTER,22 April 2017, 02:00,362.83,364.11,337312,359719
109.9,MISSISSIPPI,KASKY_BIGMUDDY,CHESTER,22 April 2017, 04:00,362.85,364.06,337474,358860
109.9,MISSISSIPPI,KASKY_BIGMUDDY,CHESTER,22 April 2017, 06:00,362.86,364.18,337567,360924
109.9,MISSISSIPPI,KASKY_BIGMUDDY,CHESTER,22 April 2017, 08:00,362.86,364.2,337594,361268
109.9,MISSISSIPPI,KASKY_BIGMUDDY,CHESTER,22 April 2017, 10:00,362.87,364.26,337562,362303
109.9,MISSISSIPPI,KASKY_BIGMUDDY,CHESTER,22 April 2017, 12:00,362.87,364.31,337465,363167
109.9,MISSISSIPPI,KASKY_BIGMUDDY,CHESTER,22 April 2017, 14:00,362.87,364.22,337327,361613
109.9,MISSISSIPPI,KASKY_BIGMUDDY,CHESTER,22 April 2017, 16:00,362.86,364.32,337149,363340
109.9,MISSISSIPPI,KASKY_BIGMUDDY,CHESTER,22 April 2017, 18:00,362.86,364.36,336933,364032
109.9,MISSISSIPPI,KASKY_BIGMUDDY,CHESTER,22 April 2017, 20:00,362.85,364.3,336669,362994
109.9,MISSISSIPPI,KASKY_BIGMUDDY,CHESTER,22 April 2017, 22:00,362.84,364.35,336375,363859
109.9,MISSISSIPPI,KASKY_BIGMUDDY,CHESTER,22 April 2017, 24:00,362.83,364.36,336050,364032
109.9,MISSISSIPPI,KASKY_BIGMUDDY,CHESTER,23 April 2017, 02:00,362.81,364.4,335688,364724
109.9,MISSISSIPPI,KASKY_BIGMUDDY,CHESTER,23 April 2017, 04:00,362.8,364.34,335296,363686
109.9,MISSISSIPPI,KASKY_BIGMUDDY,CHESTER,23 April 2017, 06:00,362.78,364.31,334892,363167
109.9,MISSISSIPPI,KASKY_BIGMUDDY,CHESTER,23 April 2017, 08:00,362.76,364.34,334474,363686
109.9,MISSISSIPPI,KASKY_BIGMUDDY,CHESTER,23 April 2017, 10:00,362.75,364.32,334051,363340
109.9,MISSISSIPPI,KASKY_BIGMUDDY,CHESTER,23 April 2017, 12:00,362.73,364.32,333633,363340
109.9,MISSISSIPPI,KASKY_BIGMUDDY,CHESTER,23 April 2017, 14:00,362.71,364.28,333220,362648
109.9,MISSISSIPPI,KASKY_BIGMUDDY,CHESTER,23 April 2017, 16:00,362.69,364.25,332815,362131
109.9,MISSISSIPPI,KASKY_BIGMUDDY,CHESTER,23 April 2017, 18:00,362.67,364.22,332406,361613
109.9,MISSISSIPPI,KASKY_BIGMUDDY,CHESTER,23 April 2017, 20:00,362.65,364.13,331986,360063
109.9,MISSISSIPPI,KASKY_BIGMUDDY,CHESTER,23 April 2017, 22:00,362.63,364.22,331549,361613
109.9,MISSISSIPPI,KASKY_BIGMUDDY,CHESTER,23 April 2017, 24:00,362.61,364.14,331107,360235
109.9,MISSISSIPPI,KASKY_BIGMUDDY,CHESTER,24 April 2017, 02:00,362.59,364.03,330664,358346
109.9,MISSISSIPPI,KASKY_BIGMUDDY,CHESTER,24 April 2017, 04:00,362.57,364.1,330202,359547
109.9,MISSISSIPPI,KASKY_BIGMUDDY,CHESTER,24 April 2017, 06:00,362.54,363.99,329721,357660
109.9,MISSISSIPPI,KASKY_BIGMUDDY,CHESTER,24 April 2017, 08:00,362.52,364.01,329252,358003
109.9,MISSISSIPPI,KASKY_BIGMUDDY,CHESTER,24 April 2017, 10:00,362.5,364.03,328821,358346
109.9,MISSISSIPPI,KASKY_BIGMUDDY,CHESTER,24 April 2017, 12:00,362.48,363.96,328434,357146
109.9,MISSISSIPPI,KASKY_BIGMUDDY,CHESTER,24 April 2017, 14:00,362.46,363.99,328093,357660
109.9,MISSISSIPPI,KASKY_BIGMUDDY,CHESTER,24 April 2017, 16:00,362.44,363.92,327806,356462
109.9,MISSISSIPPI,KASKY_BIGMUDDY,CHESTER,24 April 2017, 18:00,362.42,363.84,327562,355096
109.9,MISSISSIPPI,KASKY_BIGMUDDY,CHESTER,24 April 2017, 20:00,362.41,363.82,327370,354755
109.9,MISSISSIPPI,KASKY_BIGMUDDY,CHESTER,24 April 2017, 22:00,362.4,363.79,327215,354243
109.9,MISSISSIPPI,KASKY_BIGMUDDY,CHESTER,24 April 2017, 24:00,362.39,363.74,327068,353392
109.9,MISSISSIPPI,KASKY_BIGMUDDY,CHESTER,25 April 2017, 02:00,362.38,363.69,326934,352542
109.9,MISSISSIPPI,KASKY_BIGMUDDY,CHESTER,25 April 2017, 04:00,362.37,363.7,326797,352712
109.9,MISSISSIPPI,KASKY_BIGMUDDY,CHESTER,25 April 2017, 06:00,362.36,363.61,326668,351185
109.9,MISSISSIPPI,KASKY_BIGMUDDY,CHESTER,25 April 2017, 08:00,362.36,363.6,326567,351015
109.9,MISSISSIPPI,KASKY_BIGMUDDY,CHESTER,25 April 2017, 10:00,362.35,363.63,326465,351524
109.9,MISSISSIPPI,KASKY_BIGMUDDY,CHESTER,25 April 2017, 12:00,362.34,363.58,326374,350677
109.9,MISSISSIPPI,KASKY_BIGMUDDY,CHESTER,25 April 2017, 14:00,362.34,363.48,326301,348856
109.9,MISSISSIPPI,KASKY_BIGMUDDY,CHESTER,25 April 2017, 16:00,362.33,363.56,326259,350338
109.9,MISSISSIPPI,KASKY_BIGMUDDY,CHESTER,25 April 2017, 18:00,362.33,363.46,326252,348475
109.9,MISSISSIPPI,KASKY_BIGMUDDY,CHESTER,25 April 2017, 20:00,362.33,363.51,326285,349427
109.9,MISSISSIPPI,KASKY_BIGMUDDY,CHESTER,25 April 2017, 22:00,362.33,363.48,326358,348856
109.9,MISSISSIPPI,KASKY_BIGMUDDY,CHESTER,25 April 2017, 24:00,362.33,363.5,326464,349237
109.9,MISSISSIPPI,KASKY_BIGMUDDY,CHESTER,26 April 2017, 02:00,362.33,363.47,326608,348665
109.9,MISSISSIPPI,KASKY_BIGMUDDY,CHESTER,26 April 2017, 04:00,362.34,363.46,326788,348475
109.9,MISSISSIPPI,KASKY_BIGMUDDY,CHESTER,26 April 2017, 06:00,362.34,363.54,327006,350000
109.9,MISSISSIPPI,KASKY_BIGMUDDY,CHESTER,26 April 2017, 08:00,362.35,363.56,327273,350338
109.9,MISSISSIPPI,KASKY_BIGMUDDY,CHESTER,26 April 2017, 10:00,362.36,363.51,327592,349427
109.9,MISSISSIPPI,KASKY_BIGMUDDY,CHESTER,26 April 2017, 12:00,362.38,363.65,327958,351863
109.9,MISSISSIPPI,KASKY_BIGMUDDY,CHESTER,26 April 2017, 14:00,362.39,363.62,328378,351354
109.9,MISSISSIPPI,KASKY_BIGMUDDY,CHESTER,26 April 2017, 16:00,362.41,363.68,328806,352372
109.9,MISSISSIPPI,KASKY_BIGMUDDY,CHESTER,26 April 2017, 18:00,362.43,363.66,329281,352033
109.9,MISSISSIPPI,KASKY_BIGMUDDY,CHESTER,26 April 2017, 20:00,362.46,363.8,329729,354414
109.9,MISSISSIPPI,KASKY_BIGMUDDY,CHESTER,26 April 2017, 22:00,362.48,363.86,330188,355437
109.9,MISSISSIPPI,KASKY_BIGMUDDY,CHESTER,26 April 2017, 24:00,362.51,364.01,330670,358003
109.9,MISSISSIPPI,KASKY_BIGMUDDY,CHESTER,27 April 2017, 02:00,362.54,364.13,331086,360063
109.9,MISSISSIPPI,KASKY_BIGMUDDY,CHESTER,27 April 2017, 04:00,362.57,364.27,331584,362476
109.9,MISSISSIPPI,KASKY_BIGMUDDY,CHESTER,27 April 2017, 06:00,362.61,364.49,332142,366286
109.9,MISSISSIPPI,KASKY_BIGMUDDY,CHESTER,27 April 2017, 08:00,362.66,364.7,332686,369945
109.9,MISSISSIPPI,KASKY_BIGMUDDY,CHESTER,27 April 2017, 10:00,362.72,364.87,333344,372922
109.9,MISSISSIPPI,KASKY_BIGMUDDY,CHESTER,27 April 2017, 12:00,362.78,365.12,334095,377327
109.9,MISSISSIPPI,KASKY_BIGMUDDY,CHESTER,27 April 2017, 14:00,362.85,365.31,334828,380694
109.9,MISSISSIPPI,KASKY_BIGMUDDY,CHESTER,27 April 2017, 16:00,362.92,365.44,335611,383008
109.9,MISSISSIPPI,KASKY_BIGMUDDY,CHESTER,27 April 2017, 18:00,362.99,365.56,336392,385152
109.9,MISSISSIPPI,KASKY_BIGMUDDY,CHESTER,27 April 2017, 20:00,363.07,365.62,337197,386226
109.9,MISSISSIPPI,KASKY_BIGMUDDY,CHESTER,27 April 2017, 22:00,363.16,365.72,338061,388021
109.9,MISSISSIPPI,KASKY_BIGMUDDY,CHESTER,27 April 2017, 24:00,363.24,365.75,338967,388560
109.9,MISSISSIPPI,KASKY_BIGMUDDY,CHESTER,28 April 2017, 02:00,363.32,365.81,339904,389640
109.9,MISSISSIPPI,KASKY_BIGMUDDY,CHESTER,28 April 2017, 04:00,363.41,365.81,340779,389640
109.9,MISSISSIPPI,KASKY_BIGMUDDY,CHESTER,28 April 2017, 06:00,363.49,365.76,341628,388740
109.9,MISSISSIPPI,KASKY_BIGMUDDY,CHESTER,28 April 2017, 08:00,363.57,365.84,342543,390181
109.9,MISSISSIPPI,KASKY_BIGMUDDY,CHESTER,28 April 2017, 10:00,363.65,365.82,343463,389820
109.9,MISSISSIPPI,KASKY_BIGMUDDY,CHESTER,28 April 2017, 12:00,363.72,365.79,344341,389280
109.9,MISSISSIPPI,KASKY_BIGMUDDY,CHESTER,28 April 2017, 14:00,363.8,365.8,345319,389460
109.9,MISSISSIPPI,KASKY_BIGMUDDY,CHESTER,28 April 2017, 16:00,363.88,365.8,346363,389460
109.9,MISSISSIPPI,KASKY_BIGMUDDY,CHESTER,28 April 2017, 18:00,363.96,365.68,347465,387302
109.9,MISSISSIPPI,KASKY_BIGMUDDY,CHESTER,28 April 2017, 20:00,364.04,365.82,348667,389820
109.9,MISSISSIPPI,KASKY_BIGMUDDY,CHESTER,28 April 2017, 22:00,364.12,365.88,349946,390902
109.9,MISSISSIPPI,KASKY_BIGMUDDY,CHESTER,28 April 2017, 24:00,364.2,365.83,351301,390000
109.9,MISSISSIPPI,KASKY_BIGMUDDY,CHESTER,29 April 2017, 02:00,364.29,365.86,352851,390541
109.9,MISSISSIPPI,KASKY_BIGMUDDY,CHESTER,29 April 2017, 04:00,364.38,365.88,354443,390902
109.9,MISSISSIPPI,KASKY_BIGMUDDY,CHESTER,29 April 2017, 06:00,364.47,365.87,356074,390722
109.9,MISSISSIPPI,KASKY_BIGMUDDY,CHESTER,29 April 2017, 08:00,364.57,366.22,357606,397066
109.9,MISSISSIPPI,KASKY_BIGMUDDY,CHESTER,29 April 2017, 10:00,364.68,366.59,359172,403839
109.9,MISSISSIPPI,KASKY_BIGMUDDY,CHESTER,29 April 2017, 12:00,364.79,366.92,360804,409936
109.9,MISSISSIPPI,KASKY_BIGMUDDY,CHESTER,29 April 2017, 14:00,364.91,367.26,362367,416274
109.9,MISSISSIPPI,KASKY_BIGMUDDY,CHESTER,29 April 2017, 16:00,365.04,367.48,364052,420406
109.9,MISSISSIPPI,KASKY_BIGMUDDY,CHESTER,29 April 2017, 18:00,365.18,367.96,365848,429503
109.9,MISSISSIPPI,KASKY_BIGMUDDY,CHESTER,29 April 2017, 20:00,365.34,368.28,367471,435632
109.9,MISSISSIPPI,KASKY_BIGMUDDY,CHESTER,29 April 2017, 22:00,365.52,368.6,369246,441811
109.9,MISSISSIPPI,KASKY_BIGMUDDY,CHESTER,29 April 2017, 24:00,365.7,368.89,371287,447455
109.9,MISSISSIPPI,KASKY_BIGMUDDY,CHESTER,30 April 2017, 02:00,365.91,369.28,373250,455112
109.9,MISSISSIPPI,KASKY_BIGMUDDY,CHESTER,30 April 2017, 04:00,366.14,369.71,375760,463643
109.9,MISSISSIPPI,KASKY_BIGMUDDY,CHESTER,30 April 2017, 06:00,366.39,370.15,378742,472468
109.9,MISSISSIPPI,KASKY_BIGMUDDY,CHESTER,30 April 2017, 08:00,366.69,370.51,381686,479761
109.9,MISSISSIPPI,KASKY_BIGMUDDY,CHESTER,30 April 2017, 10:00,367.01,370.95,385578,488764
109.9,MISSISSIPPI,KASKY_BIGMUDDY,CHESTER,30 April 2017, 12:00,367.38,371.47,390903,499531
109.9,MISSISSIPPI,KASKY_BIGMUDDY,CHESTER,30 April 2017, 14:00,367.83,372,398156,510646
109.9,MISSISSIPPI,KASKY_BIGMUDDY,CHESTER,30 April 2017, 16:00,368.34,372.4,406847,519130
109.9,MISSISSIPPI,KASKY_BIGMUDDY,CHESTER,30 April 2017, 18:00,368.86,373.03,415469,532659
109.9,MISSISSIPPI,KASKY_BIGMUDDY,CHESTER,30 April 2017, 20:00,369.38,373.35,423489,539609
109.9,MISSISSIPPI,KASKY_BIGMUDDY,CHESTER,30 April 2017, 22:00,369.87,373.77,430815,548812
109.9,MISSISSIPPI,KASKY_BIGMUDDY,CHESTER,30 April 2017, 24:00,370.37,374.1,436489,556106
109.9,MISSISSIPPI,KASKY_BIGMUDDY,CHESTER,01 May 2017, 02:00,370.85,374.52,441924,565472
109.9,MISSISSIPPI,KASKY_BIGMUDDY,CHESTER,01 May 2017, 04:00,371.3,374.74,447434,570414
109.9,MISSISSIPPI,KASKY_BIGMUDDY,CHESTER,01 May 2017, 06:00,371.75,374.95,453091,575156
109.9,MISSISSIPPI,KASKY_BIGMUDDY,CHESTER,01 May 2017, 08:00,372.22,375.26,459500,582197
109.9,MISSISSIPPI,KASKY_BIGMUDDY,CHESTER,01 May 2017, 10:00,372.72,375.51,467569,587912
109.9,MISSISSIPPI,KASKY_BIGMUDDY,CHESTER,01 May 2017, 12:00,373.24,375.66,477913,591609
109.9,MISSISSIPPI,KASKY_BIGMUDDY,CHESTER,01 May 2017, 14:00,373.78,375.9,491388,597655
109.9,MISSISSIPPI,KASKY_BIGMUDDY,CHESTER,01 May 2017, 16:00,374.37,376.03,507579,600946
109.9,MISSISSIPPI,KASKY_BIGMUDDY,CHESTER,01 May 2017, 18:00,375,376.2,526432,605267
109.9,MISSISSIPPI,KASKY_BIGMUDDY,CHESTER,01 May 2017, 20:00,375.64,376.5,548689,612938
109.9,MISSISSIPPI,KASKY_BIGMUDDY,CHESTER,01 May 2017, 22:00,376.29,376.7,571820,618086
109.9,MISSISSIPPI,KASKY_BIGMUDDY,CHESTER,01 May 2017, 24:00,376.92,376.9,593314,623261
109.9,MISSISSIPPI,KASKY_BIGMUDDY,CHESTER,02 May 2017, 02:00,377.51,377.16,614050,630028
109.9,MISSISSIPPI,KASKY_BIGMUDDY,CHESTER,02 May 2017, 04:00,378.07,377.27,633211,632904
109.9,MISSISSIPPI,KASKY_BIGMUDDY,CHESTER,02 May 2017, 06:00,378.59,377.56,650754,640591
109.9,MISSISSIPPI,KASKY_BIGMUDDY,CHESTER,02 May 2017, 08:00,379.05,377.72,669666,645340
109.9,MISSISSIPPI,KASKY_BIGMUDDY,CHESTER,02 May 2017, 10:00,379.47,377.77,688802,646828
109.9,MISSISSIPPI,KASKY_BIGMUDDY,CHESTER,02 May 2017, 12:00,379.83,378.07,706599,655807
109.9,MISSISSIPPI,KASKY_BIGMUDDY,CHESTER,02 May 2017, 14:00,380.17,378.06,723615,655507
109.9,MISSISSIPPI,KASKY_BIGMUDDY,CHESTER,02 May 2017, 16:00,380.47,378.41,740099,666083
109.9,MISSISSIPPI,KASKY_BIGMUDDY,CHESTER,02 May 2017, 18:00,380.77,378.57,754595,670955
109.9,MISSISSIPPI,KASKY_BIGMUDDY,CHESTER,02 May 2017, 20:00,381.05,378.74,768385,676158
109.9,MISSISSIPPI,KASKY_BIGMUDDY,CHESTER,02 May 2017, 22:00,381.33,379.09,781179,686953
109.9,MISSISSIPPI,KASKY_BIGMUDDY,CHESTER,02 May 2017, 24:00,381.6,379.24,793249,691614
109.9,MISSISSIPPI,KASKY_BIGMUDDY,CHESTER,03 May 2017, 02:00,381.85,379.49,804851,699430
109.9,MISSISSIPPI,KASKY_BIGMUDDY,CHESTER,03 May 2017, 04:00,382.1,379.81,816190,710058
109.9,MISSISSIPPI,KASKY_BIGMUDDY,CHESTER,03 May 2017, 06:00,382.33,380.07,827343,718856
109.9,MISSISSIPPI,KASKY_BIGMUDDY,CHESTER,03 May 2017, 08:00,382.55,380.29,837304,726358
109.9,MISSISSIPPI,KASKY_BIGMUDDY,CHESTER,03 May 2017, 10:00,382.77,380.44,847346,731503
109.9,MISSISSIPPI,KASKY_BIGMUDDY,CHESTER,03 May 2017, 12:00,382.97,380.58,856666,736328
109.9,MISSISSIPPI,KASKY_BIGMUDDY,CHESTER,03 May 2017, 14:00,383.16,380.8,865385,743954
109.9,MISSISSIPPI,KASKY_BIGMUDDY,CHESTER,03 May 2017, 16:00,383.34,381.1,873624,754439
109.9,MISSISSIPPI,KASKY_BIGMUDDY,CHESTER,03 May 2017, 18:00,383.51,381.23,881499,759014
109.9,MISSISSIPPI,KASKY_BIGMUDDY,CHESTER,03 May 2017, 20:00,383.66,381.38,888592,764316
109.9,MISSISSIPPI,KASKY_BIGMUDDY,CHESTER,03 May 2017, 22:00,383.81,381.55,895194,770349
109.9,MISSISSIPPI,KASKY_BIGMUDDY,CHESTER,03 May 2017, 24:00,383.94,381.71,901321,775958
109.9,MISSISSIPPI,KASKY_BIGMUDDY,CHESTER,04 May 2017, 02:00,384.06,381.97,906796,785131
109.9,MISSISSIPPI,KASKY_BIGMUDDY,CHESTER,04 May 2017, 04:00,384.17,382.12,911733,790456
109.9,MISSISSIPPI,KASKY_BIGMUDDY,CHESTER,04 May 2017, 06:00,384.27,382.24,916168,794734
109.9,MISSISSIPPI,KASKY_BIGMUDDY,CHESTER,04 May 2017, 08:00,384.36,382.39,919716,800103
109.9,MISSISSIPPI,KASKY_BIGMUDDY,CHESTER,04 May 2017, 10:00,384.43,382.78,922944,814177
109.9,MISSISSIPPI,KASKY_BIGMUDDY,CHESTER,04 May 2017, 12:00,384.5,382.95,925888,820363
109.9,MISSISSIPPI,KASKY_BIGMUDDY,CHESTER,04 May 2017, 14:00,384.57,383.22,928178,830217
109.9,MISSISSIPPI,KASKY_BIGMUDDY,CHESTER,04 May 2017, 16:00,384.62,383.4,930295,836831
109.9,MISSISSIPPI,KASKY_BIGMUDDY,CHESTER,04 May 2017, 18:00,384.68,383.63,932170,845209
109.9,MISSISSIPPI,KASKY_BIGMUDDY,CHESTER,04 May 2017, 20:00,384.72,383.89,933535,854526
109.9,MISSISSIPPI,KASKY_BIGMUDDY,CHESTER,04 May 2017, 22:00,384.77,384.07,934808,861015
109.9,MISSISSIPPI,KASKY_BIGMUDDY,CHESTER,04 May 2017, 24:00,384.81,384.14,935955,863548
109.9,MISSISSIPPI,KASKY_BIGMUDDY,CHESTER,05 May 2017, 02:00,384.85,384.32,936703,870083
109.9,MISSISSIPPI,KASKY_BIGMUDDY,CHESTER,05 May 2017, 04:00,384.89,384.32,937393,870083
109.9,MISSISSIPPI,KASKY_BIGMUDDY,CHESTER,05 May 2017, 06:00,384.93,384.6,937975,880313
109.9,MISSISSIPPI,KASKY_BIGMUDDY,CHESTER,05 May 2017, 08:00,384.96,384.7,938213,883986
109.9,MISSISSIPPI,KASKY_BIGMUDDY,CHESTER,05 May 2017, 10:00,385,384.76,938384,886195
109.9,MISSISSIPPI,KASKY_BIGMUDDY,CHESTER,05 May 2017, 12:00,385.03,384.72,938449,884722
109.9,MISSISSIPPI,KASKY_BIGMUDDY,CHESTER,05 May 2017, 14:00,385.06,384.88,938379,890623
109.9,MISSISSIPPI,KASKY_BIGMUDDY,CHESTER,05 May 2017, 16:00,385.09,384.91,938242,891733
109.9,MISSISSIPPI,KASKY_BIGMUDDY,CHESTER,05 May 2017, 18:00,385.11,384.87,938032,890254
109.9,MISSISSIPPI,KASKY_BIGMUDDY,CHESTER,05 May 2017, 20:00,385.14,385.04,937777,896550
109.9,MISSISSIPPI,KASKY_BIGMUDDY,CHESTER,05 May 2017, 22:00,385.16,385.08,937433,898036
109.9,MISSISSIPPI,KASKY_BIGMUDDY,CHESTER,05 May 2017, 24:00,385.18,384.99,937080,894695
109.9,MISSISSIPPI,KASKY_BIGMUDDY,CHESTER,06 May 2017, 02:00,385.2,385.14,936772,900268
109.9,MISSISSIPPI,KASKY_BIGMUDDY,CHESTER,06 May 2017, 04:00,385.21,385.16,936448,901013
109.9,MISSISSIPPI,KASKY_BIGMUDDY,CHESTER,06 May 2017, 06:00,385.23,385.03,936130,896179
109.9,MISSISSIPPI,KASKY_BIGMUDDY,CHESTER,06 May 2017, 08:00,385.24,385.06,936118,897293
109.9,MISSISSIPPI,KASKY_BIGMUDDY,CHESTER,06 May 2017, 10:00,385.26,385.12,937162,899524
109.9,MISSISSIPPI,KASKY_BIGMUDDY,CHESTER,06 May 2017, 12:00,385.33,385.18,942307,901758
109.9,MISSISSIPPI,KASKY_BIGMUDDY,CHESTER,06 May 2017, 14:00,385.4,385.09,945586,898408
109.9,MISSISSIPPI,KASKY_BIGMUDDY,CHESTER,06 May 2017, 16:00,385.45,385.07,947257,897665
109.9,MISSISSIPPI,KASKY_BIGMUDDY,CHESTER,06 May 2017, 18:00,385.49,385.1,948111,898780
109.9,MISSISSIPPI,KASKY_BIGMUDDY,CHESTER,06 May 2017, 20:00,385.51,385.03,948600,896179
109.9,MISSISSIPPI,KASKY_BIGMUDDY,CHESTER,06 May 2017, 22:00,385.52,385.02,948622,895808
109.9,MISSISSIPPI,KASKY_BIGMUDDY,CHESTER,06 May 2017, 24:00,385.53,385.05,948189,896922
109.9,MISSISSIPPI,KASKY_BIGMUDDY,CHESTER,07 May 2017, 02:00,385.52,385.03,947466,896179
109.9,MISSISSIPPI,KASKY_BIGMUDDY,CHESTER,07 May 2017, 04:00,385.5,385.02,946551,895808
109.9,MISSISSIPPI,KASKY_BIGMUDDY,CHESTER,07 May 2017, 06:00,385.47,385.05,945254,896922
109.9,MISSISSIPPI,KASKY_BIGMUDDY,CHESTER,07 May 2017, 08:00,385.43,384.98,943621,894325
109.9,MISSISSIPPI,KASKY_BIGMUDDY,CHESTER,07 May 2017, 10:00,385.38,384.97,941579,893954
109.9,MISSISSIPPI,KASKY_BIGMUDDY,CHESTER,07 May 2017, 12:00,385.33,384.87,939120,890254
109.9,MISSISSIPPI,KASKY_BIGMUDDY,CHESTER,07 May 2017, 14:00,385.26,384.82,936275,888407
109.9,MISSISSIPPI,KASKY_BIGMUDDY,CHESTER,07 May 2017, 16:00,385.18,384.77,933084,886563
109.9,MISSISSIPPI,KASKY_BIGMUDDY,CHESTER,07 May 2017, 18:00,385.09,384.77,929517,886563
109.9,MISSISSIPPI,KASKY_BIGMUDDY,CHESTER,07 May 2017, 20:00,385,384.68,925537,883251
109.9,MISSISSIPPI,KASKY_BIGMUDDY,CHESTER,07 May 2017, 22:00,384.89,384.38,921172,872269
109.9,MISSISSIPPI,KASKY_BIGMUDDY,CHESTER,07 May 2017, 24:00,384.77,384.52,916410,877382
109.9,MISSISSIPPI,KASKY_BIGMUDDY,CHESTER,08 May 2017, 02:00,384.64,384.47,911262,875554
109.9,MISSISSIPPI,KASKY_BIGMUDDY,CHESTER,08 May 2017, 04:00,384.5,384.29,905853,868992
109.9,MISSISSIPPI,KASKY_BIGMUDDY,CHESTER,08 May 2017, 06:00,384.35,384.31,900100,869719
109.9,MISSISSIPPI,KASKY_BIGMUDDY,CHESTER,08 May 2017, 08:00,384.19,384.11,893919,862462
109.9,MISSISSIPPI,KASKY_BIGMUDDY,CHESTER,08 May 2017, 10:00,384.03,384.13,887351,863186
109.9,MISSISSIPPI,KASKY_BIGMUDDY,CHESTER,08 May 2017, 12:00,383.85,384.03,880631,859570
109.9,MISSISSIPPI,KASKY_BIGMUDDY,CHESTER,08 May 2017, 14:00,383.67,383.98,873787,857766
109.9,MISSISSIPPI,KASKY_BIGMUDDY,CHESTER,08 May 2017, 16:00,383.48,383.79,866808,850934
109.9,MISSISSIPPI,KASKY_BIGMUDDY,CHESTER,08 May 2017, 18:00,383.28,383.75,859490,849501
109.9,MISSISSIPPI,KASKY_BIGMUDDY,CHESTER,08 May 2017, 20:00,383.08,383.61,852254,844495
109.9,MISSISSIPPI,KASKY_BIGMUDDY,CHESTER,08 May 2017, 22:00,382.87,383.5,844962,840521
109.9,MISSISSIPPI,KASKY_BIGMUDDY,CHESTER,08 May 2017, 24:00,382.66,383.38,837560,836095
109.9,MISSISSIPPI,KASKY_BIGMUDDY,CHESTER,09 May 2017, 02:00,382.45,383.26,830066,831684
109.9,MISSISSIPPI,KASKY_BIGMUDDY,CHESTER,09 May 2017, 04:00,382.23,383.07,822452,824733
109.9,MISSISSIPPI,KASKY_BIGMUDDY,CHESTER,09 May 2017, 06:00,382,383,814600,822182
109.9,MISSISSIPPI,KASKY_BIGMUDDY,CHESTER,09 May 2017, 08:00,381.77,382.85,806512,816721
109.9,MISSISSIPPI,KASKY_BIGMUDDY,CHESTER,09 May 2017, 10:00,381.53,382.74,797818,812726
109.9,MISSISSIPPI,KASKY_BIGMUDDY,CHESTER,09 May 2017, 12:00,381.27,382.52,788533,804776
109.9,MISSISSIPPI,KASKY_BIGMUDDY,CHESTER,09 May 2017, 14:00,381.01,382.3,778580,796879
109.9,MISSISSIPPI,KASKY_BIGMUDDY,CHESTER,09 May 2017, 16:00,380.76,382.29,768239,796521
109.9,MISSISSIPPI,KASKY_BIGMUDDY,CHESTER,09 May 2017, 18:00,380.54,382.05,758378,787968
109.9,MISSISSIPPI,KASKY_BIGMUDDY,CHESTER,09 May 2017, 20:00,380.31,381.96,748567,784777
109.9,MISSISSIPPI,KASKY_BIGMUDDY,CHESTER,09 May 2017, 22:00,380.1,381.73,738870,776661
109.9,MISSISSIPPI,KASKY_BIGMUDDY,CHESTER,09 May 2017, 24:00,379.88,381.61,729492,772449
109.9,MISSISSIPPI,KASKY_BIGMUDDY,CHESTER,10 May 2017, 02:00,379.67,381.47,720386,767510
109.9,MISSISSIPPI,KASKY_BIGMUDDY,CHESTER,10 May 2017, 04:00,379.46,381.33,711658,762546
109.9,MISSISSIPPI,KASKY_BIGMUDDY,CHESTER,10 May 2017, 06:00,379.27,381.09,703277,754088
109.9,MISSISSIPPI,KASKY_BIGMUDDY,CHESTER,10 May 2017, 08:00,379.08,380.9,695178,747438
109.9,MISSISSIPPI,KASKY_BIGMUDDY,CHESTER,10 May 2017, 10:00,378.9,380.72,687483,741175
109.9,MISSISSIPPI,KASKY_BIGMUDDY,CHESTER,10 May 2017, 12:00,378.72,380.6,681338,737019
109.9,MISSISSIPPI,KASKY_BIGMUDDY,CHESTER,10 May 2017, 14:00,378.54,380.47,675068,732535
109.9,MISSISSIPPI,KASKY_BIGMUDDY,CHESTER,10 May 2017, 16:00,378.35,380.29,668836,726358
109.9,MISSISSIPPI,KASKY_BIGMUDDY,CHESTER,10 May 2017, 18:00,378.16,380.11,662027,720216
109.9,MISSISSIPPI,KASKY_BIGMUDDY,CHESTER,10 May 2017, 20:00,377.98,379.93,655702,714109
109.9,MISSISSIPPI,KASKY_BIGMUDDY,CHESTER,10 May 2017, 22:00,377.79,379.81,649457,710058
109.9,MISSISSIPPI,KASKY_BIGMUDDY,CHESTER,10 May 2017, 24:00,377.61,379.65,643387,704680
109.9,MISSISSIPPI,KASKY_BIGMUDDY,CHESTER,11 May 2017, 02:00,377.43,379.48,637440,699116
109.9,MISSISSIPPI,KASKY_BIGMUDDY,CHESTER,11 May 2017, 04:00,377.26,379.31,632517,693797
109.9,MISSISSIPPI,KASKY_BIGMUDDY,CHESTER,11 May 2017, 06:00,377.09,379.16,626806,689126
109.9,MISSISSIPPI,KASKY_BIGMUDDY,CHESTER,11 May 2017, 08:00,376.91,378.91,621538,681387
109.9,MISSISSIPPI,KASKY_BIGMUDDY,CHESTER,11 May 2017, 10:00,376.75,378.83,616519,678923
109.9,MISSISSIPPI,KASKY_BIGMUDDY,CHESTER,11 May 2017, 12:00,376.58,378.64,611727,673095
109.9,MISSISSIPPI,KASKY_BIGMUDDY,CHESTER,11 May 2017, 14:00,376.41,378.54,607067,670040
109.9,MISSISSIPPI,KASKY_BIGMUDDY,CHESTER,11 May 2017, 16:00,376.25,378.37,602504,664869
109.9,MISSISSIPPI,KASKY_BIGMUDDY,CHESTER,11 May 2017, 18:00,376.09,378.22,597926,660328
109.9,MISSISSIPPI,KASKY_BIGMUDDY,CHESTER,11 May 2017, 20:00,375.92,378.08,593606,656108
109.9,MISSISSIPPI,KASKY_BIGMUDDY,CHESTER,11 May 2017, 22:00,375.76,377.89,589428,650410
109.9,MISSISSIPPI,KASKY_BIGMUDDY,CHESTER,11 May 2017, 24:00,375.61,377.78,585482,647126
109.9,MISSISSIPPI,KASKY_BIGMUDDY,CHESTER,12 May 2017, 02:00,375.45,377.64,581706,642963
109.9,MISSISSIPPI,KASKY_BIGMUDDY,CHESTER,12 May 2017, 04:00,375.31,377.54,578263,640000
109.9,MISSISSIPPI,KASKY_BIGMUDDY,CHESTER,12 May 2017, 06:00,375.16,377.39,574677,636052
109.9,MISSISSIPPI,KASKY_BIGMUDDY,CHESTER,12 May 2017, 08:00,375.02,377.21,571527,631334
109.9,MISSISSIPPI,KASKY_BIGMUDDY,CHESTER,12 May 2017, 10:00,374.89,377.18,568429,630550
109.9,MISSISSIPPI,KASKY_BIGMUDDY,CHESTER,12 May 2017, 12:00,374.76,376.97,565537,625078
109.9,MISSISSIPPI,KASKY_BIGMUDDY,CHESTER,12 May 2017, 14:00,374.63,376.83,562454,621447
109.9,MISSISSIPPI,KASKY_BIGMUDDY,CHESTER,12 May 2017, 16:00,374.5,376.73,559545,618861
109.9,MISSISSIPPI,KASKY_BIGMUDDY,CHESTER,12 May 2017, 18:00,374.38,376.61,556720,615766
109.9,MISSISSIPPI,KASKY_BIGMUDDY,CHESTER,12 May 2017, 20:00,374.26,376.45,553947,611656
109.9,MISSISSIPPI,KASKY_BIGMUDDY,CHESTER,12 May 2017, 22:00,374.15,376.32,551401,608328
109.9,MISSISSIPPI,KASKY_BIGMUDDY,CHESTER,12 May 2017, 24:00,374.04,376.23,548798,606031
109.9,MISSISSIPPI,KASKY_BIGMUDDY,CHESTER,13 May 2017, 02:00,373.93,376.02,546130,600692
109.9,MISSISSIPPI,KASKY_BIGMUDDY,CHESTER,13 May 2017, 04:00,373.82,376.01,543492,600439
109.9,MISSISSIPPI,KASKY_BIGMUDDY,CHESTER,13 May 2017, 06:00,373.71,375.89,540871,597402
109.9,MISSISSIPPI,KASKY_BIGMUDDY,CHESTER,13 May 2017, 08:00,373.6,375.77,538261,594375
109.9,MISSISSIPPI,KASKY_BIGMUDDY,CHESTER,13 May 2017, 10:00,373.5,375.67,535627,591860
109.9,MISSISSIPPI,KASKY_BIGMUDDY,CHESTER,13 May 2017, 12:00,373.39,375.51,532502,587912
109.9,MISSISSIPPI,KASKY_BIGMUDDY,CHESTER,13 May 2017, 14:00,373.28,375.42,529766,585850
109.9,MISSISSIPPI,KASKY_BIGMUDDY,CHESTER,13 May 2017, 16:00,373.17,375.33,527400,583794
109.9,MISSISSIPPI,KASKY_BIGMUDDY,CHESTER,13 May 2017, 18:00,373.07,375.21,525049,581058
109.9,MISSISSIPPI,KASKY_BIGMUDDY,CHESTER,13 May 2017, 20:00,372.97,375.11,522990,578783
109.9,MISSISSIPPI,KASKY_BIGMUDDY,CHESTER,13 May 2017, 22:00,372.85,375.03,521106,576968
109.9,MISSISSIPPI,KASKY_BIGMUDDY,CHESTER,13 May 2017, 24:00,372.72,374.91,519301,574251
109.9,MISSISSIPPI,KASKY_BIGMUDDY,CHESTER,14 May 2017, 02:00,372.58,374.78,517473,571316
109.9,MISSISSIPPI,KASKY_BIGMUDDY,CHESTER,14 May 2017, 04:00,372.43,374.61,515640,567491
109.9,MISSISSIPPI,KASKY_BIGMUDDY,CHESTER,14 May 2017, 06:00,372.28,374.61,513889,567491
109.9,MISSISSIPPI,KASKY_BIGMUDDY,CHESTER,14 May 2017, 08:00,372.11,374.57,512200,566593
109.9,MISSISSIPPI,KASKY_BIGMUDDY,CHESTER,14 May 2017, 10:00,371.95,374.44,510461,563681
109.9,MISSISSIPPI,KASKY_BIGMUDDY,CHESTER,14 May 2017, 12:00,371.79,374.3,508706,560555
109.9,MISSISSIPPI,KASKY_BIGMUDDY,CHESTER,14 May 2017, 14:00,371.63,374.31,506825,560778
109.9,MISSISSIPPI,KASKY_BIGMUDDY,CHESTER,14 May 2017, 16:00,371.47,374.2,504928,558328
109.9,MISSISSIPPI,KASKY_BIGMUDDY,CHESTER,14 May 2017, 18:00,371.32,374.14,503053,556994
109.9,MISSISSIPPI,KASKY_BIGMUDDY,CHESTER,14 May 2017, 20:00,371.18,374.07,501048,555441
109.9,MISSISSIPPI,KASKY_BIGMUDDY,CHESTER,14 May 2017, 22:00,371.05,373.98,498938,553447
109.9,MISSISSIPPI,KASKY_BIGMUDDY,CHESTER,14 May 2017, 24:00,370.92,373.9,496749,551679
109.9,MISSISSIPPI,KASKY_BIGMUDDY,CHESTER,15 May 2017, 02:00,370.81,373.82,494487,549913
109.9,MISSISSIPPI,KASKY_BIGMUDDY,CHESTER,15 May 2017, 04:00,370.71,373.8,492526,549473
109.9,MISSISSIPPI,KASKY_BIGMUDDY,CHESTER,15 May 2017, 06:00,370.62,373.71,490648,547492
109.9,MISSISSIPPI,KASKY_BIGMUDDY,CHESTER,15 May 2017, 08:00,370.53,373.62,488904,545515
109.9,MISSISSIPPI,KASKY_BIGMUDDY,CHESTER,15 May 2017, 10:00,370.44,373.61,487281,545295
109.9,MISSISSIPPI,KASKY_BIGMUDDY,CHESTER,15 May 2017, 12:00,370.36,373.55,485762,543980
109.9,MISSISSIPPI,KASKY_BIGMUDDY,CHESTER,15 May 2017, 14:00,370.28,373.45,484323,541792
109.9,MISSISSIPPI,KASKY_BIGMUDDY,CHESTER,15 May 2017, 16:00,370.21,373.44,482998,541574
109.9,MISSISSIPPI,KASKY_BIGMUDDY,CHESTER,15 May 2017, 18:00,370.14,373.41,481733,540918
109.9,MISSISSIPPI,KASKY_BIGMUDDY,CHESTER,15 May 2017, 20:00,370.07,373.31,480536,538738
109.9,MISSISSIPPI,KASKY_BIGMUDDY,CHESTER,15 May 2017, 22:00,370.01,373.27,479398,537867
109.9,MISSISSIPPI,KASKY_BIGMUDDY,CHESTER,15 May 2017, 24:00,369.95,373.21,478323,536562
109.9,MISSISSIPPI,KASKY_BIGMUDDY,CHESTER,16 May 2017, 02:00,369.89,373.15,477301,535259
109.9,MISSISSIPPI,KASKY_BIGMUDDY,CHESTER,16 May 2017, 04:00,369.84,373.11,476331,534392
109.9,MISSISSIPPI,KASKY_BIGMUDDY,CHESTER,16 May 2017, 06:00,369.78,372.98,475400,531578
109.9,MISSISSIPPI,KASKY_BIGMUDDY,CHESTER,16 May 2017, 08:00,369.73,373,474493,532010
109.9,MISSISSIPPI,KASKY_BIGMUDDY,CHESTER,16 May 2017, 10:00,369.68,372.96,473606,531146
109.9,MISSISSIPPI,KASKY_BIGMUDDY,CHESTER,16 May 2017, 12:00,369.64,372.91,472729,530067
109.9,MISSISSIPPI,KASKY_BIGMUDDY,CHESTER,16 May 2017, 14:00,369.6,372.88,471865,529420
109.9,MISSISSIPPI,KASKY_BIGMUDDY,CHESTER,16 May 2017, 16:00,369.55,372.86,470956,528989
109.9,MISSISSIPPI,KASKY_BIGMUDDY,CHESTER,16 May 2017, 18:00,369.51,372.7,470100,525547
109.9,MISSISSIPPI,KASKY_BIGMUDDY,CHESTER,16 May 2017, 20:00,369.47,372.75,469316,526621
109.9,MISSISSIPPI,KASKY_BIGMUDDY,CHESTER,16 May 2017, 22:00,369.43,372.68,468507,525118
109.9,MISSISSIPPI,KASKY_BIGMUDDY,CHESTER,16 May 2017, 24:00,369.39,372.63,467698,524046
109.9,MISSISSIPPI,KASKY_BIGMUDDY,CHESTER,17 May 2017, 02:00,369.36,372.6,466899,523403
109.9,MISSISSIPPI,KASKY_BIGMUDDY,CHESTER,17 May 2017, 04:00,369.32,372.6,466093,523403
109.9,MISSISSIPPI,KASKY_BIGMUDDY,CHESTER,17 May 2017, 06:00,369.28,372.54,465265,522119
109.9,MISSISSIPPI,KASKY_BIGMUDDY,CHESTER,17 May 2017, 08:00,369.24,372.5,464421,521264
109.9,MISSISSIPPI,KASKY_BIGMUDDY,CHESTER,17 May 2017, 10:00,369.21,372.43,463548,519770
109.9,MISSISSIPPI,KASKY_BIGMUDDY,CHESTER,17 May 2017, 12:00,369.17,372.44,462658,519983
109.9,MISSISSIPPI,KASKY_BIGMUDDY,CHESTER,17 May 2017, 14:00,369.13,372.38,461745,518704
109.9,MISSISSIPPI,KASKY_BIGMUDDY,CHESTER,17 May 2017, 16:00,369.09,372.31,460804,517214
109.9,MISSISSIPPI,KASKY_BIGMUDDY,CHESTER,17 May 2017, 18:00,369.05,372.28,459843,516576
109.9,MISSISSIPPI,KASKY_BIGMUDDY,CHESTER,17 May 2017, 20:00,369.01,372.26,458852,516151
109.9,MISSISSIPPI,KASKY_BIGMUDDY,CHESTER,17 May 2017, 22:00,368.96,372.2,457847,514878
109.9,MISSISSIPPI,KASKY_BIGMUDDY,CHESTER,17 May 2017, 24:00,368.92,372.15,456825,513818
109.9,MISSISSIPPI,KASKY_BIGMUDDY,CHESTER,18 May 2017, 02:00,368.88,372.1,455787,512759
109.9,MISSISSIPPI,KASKY_BIGMUDDY,CHESTER,18 May 2017, 04:00,368.83,372.08,454726,512336
109.9,MISSISSIPPI,KASKY_BIGMUDDY,CHESTER,18 May 2017, 06:00,368.79,371.94,453657,509381
109.9,MISSISSIPPI,KASKY_BIGMUDDY,CHESTER,18 May 2017, 08:00,368.74,371.97,452574,510013
109.9,MISSISSIPPI,KASKY_BIGMUDDY,CHESTER,18 May 2017, 10:00,368.7,371.93,451488,509170
109.9,MISSISSIPPI,KASKY_BIGMUDDY,CHESTER,18 May 2017, 12:00,368.65,371.84,450386,507275
109.9,MISSISSIPPI,KASKY_BIGMUDDY,CHESTER,18 May 2017, 14:00,368.6,371.85,449273,507486
109.9,MISSISSIPPI,KASKY_BIGMUDDY,CHESTER,18 May 2017, 16:00,368.56,371.79,448144,506225
109.9,MISSISSIPPI,KASKY_BIGMUDDY,CHESTER,18 May 2017, 18:00,368.51,371.77,447010,505805
109.9,MISSISSIPPI,KASKY_BIGMUDDY,CHESTER,18 May 2017, 20:00,368.46,371.71,445864,504546
109.9,MISSISSIPPI,KASKY_BIGMUDDY,CHESTER,18 May 2017, 22:00,368.41,371.67,444712,503708
109.9,MISSISSIPPI,KASKY_BIGMUDDY,CHESTER,18 May 2017, 24:00,368.36,371.59,443542,502035
109.9,MISSISSIPPI,KASKY_BIGMUDDY,CHESTER,19 May 2017, 02:00,368.31,371.6,442314,502244
109.9,MISSISSIPPI,KASKY_BIGMUDDY,CHESTER,19 May 2017, 04:00,368.26,371.51,441156,500365
109.9,MISSISSIPPI,KASKY_BIGMUDDY,CHESTER,19 May 2017, 06:00,368.21,371.47,439946,499531
109.9,MISSISSIPPI,KASKY_BIGMUDDY,CHESTER,19 May 2017, 08:00,368.16,371.45,438867,499114
109.9,MISSISSIPPI,KASKY_BIGMUDDY,CHESTER,19 May 2017, 10:00,368.1,371.34,437737,496826
109.9,MISSISSIPPI,KASKY_BIGMUDDY,CHESTER,19 May 2017, 12:00,368.05,371.35,436664,497034
109.9,MISSISSIPPI,KASKY_BIGMUDDY,CHESTER,19 May 2017, 14:00,368,371.29,435630,495788
109.9,MISSISSIPPI,KASKY_BIGMUDDY,CHESTER,19 May 2017, 16:00,367.95,371.25,434619,494959
109.9,MISSISSIPPI,KASKY_BIGMUDDY,CHESTER,19 May 2017, 18:00,367.9,371.15,433633,492889
109.9,MISSISSIPPI,KASKY_BIGMUDDY,CHESTER,19 May 2017, 20:00,367.86,371.15,432674,492889
109.9,MISSISSIPPI,KASKY_BIGMUDDY,CHESTER,19 May 2017, 22:00,367.81,371.13,431733,492475
109.9,MISSISSIPPI,KASKY_BIGMUDDY,CHESTER,19 May 2017, 24:00,367.76,371.07,430812,491236
109.9,MISSISSIPPI,KASKY_BIGMUDDY,CHESTER,20 May 2017, 02:00,367.72,371.02,429912,490205
109.9,MISSISSIPPI,KASKY_BIGMUDDY,CHESTER,20 May 2017, 04:00,367.67,371,429029,489793
109.9,MISSISSIPPI,KASKY_BIGMUDDY,CHESTER,20 May 2017, 06:00,367.63,370.93,428163,488353
109.9,MISSISSIPPI,KASKY_BIGMUDDY,CHESTER,20 May 2017, 08:00,367.58,370.95,427295,488764
109.9,MISSISSIPPI,KASKY_BIGMUDDY,CHESTER,20 May 2017, 10:00,367.54,370.92,426464,488147
109.9,MISSISSIPPI,KASKY_BIGMUDDY,CHESTER,20 May 2017, 12:00,367.5,370.95,425680,488764
109.9,MISSISSIPPI,KASKY_BIGMUDDY,CHESTER,20 May 2017, 14:00,367.46,370.94,424938,488558
109.9,MISSISSIPPI,KASKY_BIGMUDDY,CHESTER,20 May 2017, 16:00,367.43,370.91,424273,487942
109.9,MISSISSIPPI,KASKY_BIGMUDDY,CHESTER,20 May 2017, 18:00,367.39,370.93,423737,488353
109.9,MISSISSIPPI,KASKY_BIGMUDDY,CHESTER,20 May 2017, 20:00,367.37,370.89,423313,487531
109.9,MISSISSIPPI,KASKY_BIGMUDDY,CHESTER,20 May 2017, 22:00,367.35,370.86,423066,486915
109.9,MISSISSIPPI,KASKY_BIGMUDDY,CHESTER,20 May 2017, 24:00,367.33,370.89,423074,487531
109.9,MISSISSIPPI,KASKY_BIGMUDDY,CHESTER,21 May 2017, 02:00,367.33,370.87,423410,487120
109.9,MISSISSIPPI,KASKY_BIGMUDDY,CHESTER,21 May 2017, 04:00,367.35,370.88,424503,487325
109.9,MISSISSIPPI,KASKY_BIGMUDDY,CHESTER,21 May 2017, 06:00,367.4,370.95,426474,488764
109.9,MISSISSIPPI,KASKY_BIGMUDDY,CHESTER,21 May 2017, 08:00,367.47,370.96,428959,488970
109.9,MISSISSIPPI,KASKY_BIGMUDDY,CHESTER,21 May 2017, 10:00,367.56,370.96,431940,488970
109.9,MISSISSIPPI,KASKY_BIGMUDDY,CHESTER,21 May 2017, 12:00,367.67,371.03,435111,490411
109.9,MISSISSIPPI,KASKY_BIGMUDDY,CHESTER,21 May 2017, 14:00,367.78,371.05,438310,490824
109.9,MISSISSIPPI,KASKY_BIGMUDDY,CHESTER,21 May 2017, 16:00,367.91,371.14,441394,492682
109.9,MISSISSIPPI,KASKY_BIGMUDDY,CHESTER,21 May 2017, 18:00,368.03,371.19,444459,493716
109.9,MISSISSIPPI,KASKY_BIGMUDDY,CHESTER,21 May 2017, 20:00,368.16,371.27,447555,495373
109.9,MISSISSIPPI,KASKY_BIGMUDDY,CHESTER,21 May 2017, 22:00,368.29,371.35,450687,497034
109.9,MISSISSIPPI,KASKY_BIGMUDDY,CHESTER,21 May 2017, 24:00,368.42,371.45,453848,499114
109.9,MISSISSIPPI,KASKY_BIGMUDDY,CHESTER,22 May 2017, 02:00,368.56,371.55,457048,501199
109.9,MISSISSIPPI,KASKY_BIGMUDDY,CHESTER,22 May 2017, 04:00,368.69,371.6,460298,502244
109.9,MISSISSIPPI,KASKY_BIGMUDDY,CHESTER,22 May 2017, 06:00,368.82,371.65,463538,503290
109.9,MISSISSIPPI,KASKY_BIGMUDDY,CHESTER,22 May 2017, 08:00,368.96,371.8,466778,506435
109.9,MISSISSIPPI,KASKY_BIGMUDDY,CHESTER,22 May 2017, 10:00,369.09,371.9,469869,508538
109.9,MISSISSIPPI,KASKY_BIGMUDDY,CHESTER,22 May 2017, 12:00,369.21,371.99,472788,510435
109.9,MISSISSIPPI,KASKY_BIGMUDDY,CHESTER,22 May 2017, 14:00,369.33,372.04,475478,511491
109.9,MISSISSIPPI,KASKY_BIGMUDDY,CHESTER,22 May 2017, 16:00,369.44,372.12,477806,513183
109.9,MISSISSIPPI,KASKY_BIGMUDDY,CHESTER,22 May 2017, 18:00,369.55,372.24,480195,515727
109.9,MISSISSIPPI,KASKY_BIGMUDDY,CHESTER,22 May 2017, 20:00,369.64,372.32,482265,517427
109.9,MISSISSIPPI,KASKY_BIGMUDDY,CHESTER,22 May 2017, 22:00,369.73,372.41,484241,519343
109.9,MISSISSIPPI,KASKY_BIGMUDDY,CHESTER,22 May 2017, 24:00,369.82,372.47,486156,520623
109.9,MISSISSIPPI,KASKY_BIGMUDDY,CHESTER,23 May 2017, 02:00,369.9,372.47,488032,520623
109.9,MISSISSIPPI,KASKY_BIGMUDDY,CHESTER,23 May 2017, 04:00,369.98,372.64,489865,524260
109.9,MISSISSIPPI,KASKY_BIGMUDDY,CHESTER,23 May 2017, 06:00,370.06,372.67,491602,524903
109.9,MISSISSIPPI,KASKY_BIGMUDDY,CHESTER,23 May 2017, 08:00,370.13,372.76,493331,526836
109.9,MISSISSIPPI,KASKY_BIGMUDDY,CHESTER,23 May 2017, 10:00,370.21,372.81,494970,527912
109.9,MISSISSIPPI,KASKY_BIGMUDDY,CHESTER,23 May 2017, 12:00,370.28,372.83,496477,528342
109.9,MISSISSIPPI,KASKY_BIGMUDDY,CHESTER,23 May 2017, 14:00,370.34,372.94,497848,530714
109.9,MISSISSIPPI,KASKY_BIGMUDDY,CHESTER,23 May 2017, 16:00,370.4,372.95,499042,530930
109.9,MISSISSIPPI,KASKY_BIGMUDDY,CHESTER,23 May 2017, 18:00,370.47,372.97,500196,531362
109.9,MISSISSIPPI,KASKY_BIGMUDDY,CHESTER,23 May 2017, 20:00,370.53,373.05,501327,533092
109.9,MISSISSIPPI,KASKY_BIGMUDDY,CHESTER,23 May 2017, 22:00,370.59,373.09,502466,533958
109.9,MISSISSIPPI,KASKY_BIGMUDDY,CHESTER,23 May 2017, 24:00,370.64,373.17,503573,535693
109.9,MISSISSIPPI,KASKY_BIGMUDDY,CHESTER,24 May 2017, 02:00,370.7,373.21,504584,536562
109.9,MISSISSIPPI,KASKY_BIGMUDDY,CHESTER,24 May 2017, 04:00,370.75,373.16,505602,535476
109.9,MISSISSIPPI,KASKY_BIGMUDDY,CHESTER,24 May 2017, 06:00,370.8,373.18,506509,535911
109.9,MISSISSIPPI,KASKY_BIGMUDDY,CHESTER,24 May 2017, 08:00,370.85,373.23,507399,536997
109.9,MISSISSIPPI,KASKY_BIGMUDDY,CHESTER,24 May 2017, 10:00,370.89,373.18,508236,535911
109.9,MISSISSIPPI,KASKY_BIGMUDDY,CHESTER,24 May 2017, 12:00,370.93,373.29,509027,538302
109.9,MISSISSIPPI,KASKY_BIGMUDDY,CHESTER,24 May 2017, 14:00,370.97,373.34,509758,539391
109.9,MISSISSIPPI,KASKY_BIGMUDDY,CHESTER,24 May 2017, 16:00,371.01,373.35,510441,539609
109.9,MISSISSIPPI,KASKY_BIGMUDDY,CHESTER,24 May 2017, 18:00,371.04,373.37,511112,540046
109.9,MISSISSIPPI,KASKY_BIGMUDDY,CHESTER,24 May 2017, 20:00,371.08,373.42,511734,541137
109.9,MISSISSIPPI,KASKY_BIGMUDDY,CHESTER,24 May 2017, 22:00,371.11,373.4,512297,540700
109.9,MISSISSIPPI,KASKY_BIGMUDDY,CHESTER,24 May 2017, 24:00,371.14,373.42,512779,541137
109.9,MISSISSIPPI,KASKY_BIGMUDDY,CHESTER,25 May 2017, 02:00,371.16,373.44,513238,541574
109.9,MISSISSIPPI,KASKY_BIGMUDDY,CHESTER,25 May 2017, 04:00,371.19,373.44,513667,541574
109.9,MISSISSIPPI,KASKY_BIGMUDDY,CHESTER,25 May 2017, 06:00,371.21,373.42,514061,541137
109.9,MISSISSIPPI,KASKY_BIGMUDDY,CHESTER,25 May 2017, 08:00,371.23,373.44,514416,541574
109.9,MISSISSIPPI,KASKY_BIGMUDDY,CHESTER,25 May 2017, 10:00,371.25,373.5,514735,542885
109.9,MISSISSIPPI,KASKY_BIGMUDDY,CHESTER,25 May 2017, 12:00,371.26,373.5,515024,542885
109.9,MISSISSIPPI,KASKY_BIGMUDDY,CHESTER,25 May 2017, 14:00,371.28,373.47,515275,542229
109.9,MISSISSIPPI,KASKY_BIGMUDDY,CHESTER,25 May 2017, 16:00,371.29,373.51,515490,543104
109.9,MISSISSIPPI,KASKY_BIGMUDDY,CHESTER,25 May 2017, 18:00,371.3,373.54,515673,543761
109.9,MISSISSIPPI,KASKY_BIGMUDDY,CHESTER,25 May 2017, 20:00,371.31,373.51,515820,543104
109.9,MISSISSIPPI,KASKY_BIGMUDDY,CHESTER,25 May 2017, 22:00,371.32,373.55,515934,543980
109.9,MISSISSIPPI,KASKY_BIGMUDDY,CHESTER,25 May 2017, 24:00,371.33,373.58,516018,544637
109.9,MISSISSIPPI,KASKY_BIGMUDDY,CHESTER,26 May 2017, 02:00,371.33,373.5,516059,542885
109.9,MISSISSIPPI,KASKY_BIGMUDDY,CHESTER,26 May 2017, 04:00,371.34,373.53,516062,543542
109.9,MISSISSIPPI,KASKY_BIGMUDDY,CHESTER,26 May 2017, 06:00,371.34,373.57,516025,544418
109.9,MISSISSIPPI,KASKY_BIGMUDDY,CHESTER,26 May 2017, 08:00,371.34,373.56,515938,544199
109.9,MISSISSIPPI,KASKY_BIGMUDDY,CHESTER,26 May 2017, 10:00,371.33,373.53,515806,543542
109.9,MISSISSIPPI,KASKY_BIGMUDDY,CHESTER,26 May 2017, 12:00,371.33,373.65,515628,546173
109.9,MISSISSIPPI,KASKY_BIGMUDDY,CHESTER,26 May 2017, 14:00,371.32,373.57,515397,544418
109.9,MISSISSIPPI,KASKY_BIGMUDDY,CHESTER,26 May 2017, 16:00,371.31,373.55,515113,543980
109.9,MISSISSIPPI,KASKY_BIGMUDDY,CHESTER,26 May 2017, 18:00,371.3,373.6,514766,545076
109.9,MISSISSIPPI,KASKY_BIGMUDDY,CHESTER,26 May 2017, 20:00,371.29,373.59,514357,544857
109.9,MISSISSIPPI,KASKY_BIGMUDDY,CHESTER,26 May 2017, 22:00,371.27,373.51,513861,543104
109.9,MISSISSIPPI,KASKY_BIGMUDDY,CHESTER,26 May 2017, 24:00,371.25,373.54,513294,543761
109.9,MISSISSIPPI,KASKY_BIGMUDDY,CHESTER,27 May 2017, 02:00,371.23,373.58,512655,544637
109.9,MISSISSIPPI,KASKY_BIGMUDDY,CHESTER,27 May 2017, 04:00,371.2,373.55,511941,543980
109.9,MISSISSIPPI,KASKY_BIGMUDDY,CHESTER,27 May 2017, 06:00,371.17,373.49,511164,542667
109.9,MISSISSIPPI,KASKY_BIGMUDDY,CHESTER,27 May 2017, 08:00,371.14,373.46,510294,542011
109.9,MISSISSIPPI,KASKY_BIGMUDDY,CHESTER,27 May 2017, 10:00,371.1,373.43,509351,541355
109.9,MISSISSIPPI,KASKY_BIGMUDDY,CHESTER,27 May 2017, 12:00,371.06,373.41,508330,540918
109.9,MISSISSIPPI,KASKY_BIGMUDDY,CHESTER,27 May 2017, 14:00,371.01,373.39,507224,540482
109.9,MISSISSIPPI,KASKY_BIGMUDDY,CHESTER,27 May 2017, 16:00,370.96,373.28,506057,538085
109.9,MISSISSIPPI,KASKY_BIGMUDDY,CHESTER,27 May 2017, 18:00,370.91,373.3,504724,538520
109.9,MISSISSIPPI,KASKY_BIGMUDDY,CHESTER,27 May 2017, 20:00,370.85,373.28,503189,538085
109.9,MISSISSIPPI,KASKY_BIGMUDDY,CHESTER,27 May 2017, 22:00,370.77,373.14,501077,535042
109.9,MISSISSIPPI,KASKY_BIGMUDDY,CHESTER,27 May 2017, 24:00,370.68,373.16,498566,535476
109.9,MISSISSIPPI,KASKY_BIGMUDDY,CHESTER,28 May 2017, 02:00,370.58,373.1,495809,534175
109.9,MISSISSIPPI,KASKY_BIGMUDDY,CHESTER,28 May 2017, 04:00,370.49,373.08,493187,533742
109.9,MISSISSIPPI,KASKY_BIGMUDDY,CHESTER,28 May 2017, 06:00,370.4,373.01,490682,532227
109.9,MISSISSIPPI,KASKY_BIGMUDDY,CHESTER,28 May 2017, 08:00,370.3,373.01,488232,532227
109.9,MISSISSIPPI,KASKY_BIGMUDDY,CHESTER,28 May 2017, 10:00,370.21,372.97,485806,531362
109.9,MISSISSIPPI,KASKY_BIGMUDDY,CHESTER,28 May 2017, 12:00,370.11,372.89,483479,529635
109.9,MISSISSIPPI,KASKY_BIGMUDDY,CHESTER,28 May 2017, 14:00,370.01,372.84,481264,528558
109.9,MISSISSIPPI,KASKY_BIGMUDDY,CHESTER,28 May 2017, 16:00,369.92,372.79,479159,527481
109.9,MISSISSIPPI,KASKY_BIGMUDDY,CHESTER,28 May 2017, 18:00,369.83,372.8,477176,527696
109.9,MISSISSIPPI,KASKY_BIGMUDDY,CHESTER,28 May 2017, 20:00,369.74,372.68,475407,525118
109.9,MISSISSIPPI,KASKY_BIGMUDDY,CHESTER,28 May 2017, 22:00,369.66,372.66,473809,524689
109.9,MISSISSIPPI,KASKY_BIGMUDDY,CHESTER,28 May 2017, 24:00,369.58,372.56,472342,522547
109.9,MISSISSIPPI,KASKY_BIGMUDDY,CHESTER,29 May 2017, 02:00,369.51,372.53,471011,521905
109.9,MISSISSIPPI,KASKY_BIGMUDDY,CHESTER,29 May 2017, 04:00,369.45,372.47,469815,520623
109.9,MISSISSIPPI,KASKY_BIGMUDDY,CHESTER,29 May 2017, 06:00,369.39,372.45,468796,520197
109.9,MISSISSIPPI,KASKY_BIGMUDDY,CHESTER,29 May 2017, 08:00,369.34,372.4,467951,519130
109.9,MISSISSIPPI,KASKY_BIGMUDDY,CHESTER,29 May 2017, 10:00,369.3,372.33,467145,517640
109.9,MISSISSIPPI,KASKY_BIGMUDDY,CHESTER,29 May 2017, 12:00,369.25,372.34,466332,517852
109.9,MISSISSIPPI,KASKY_BIGMUDDY,CHESTER,29 May 2017, 14:00,369.21,372.29,465591,516789
109.9,MISSISSIPPI,KASKY_BIGMUDDY,CHESTER,29 May 2017, 16:00,369.17,372.26,464877,516151
109.9,MISSISSIPPI,KASKY_BIGMUDDY,CHESTER,29 May 2017, 18:00,369.14,372.19,464167,514666
109.9,MISSISSIPPI,KASKY_BIGMUDDY,CHESTER,29 May 2017, 20:00,369.1,372.16,463498,514030
109.9,MISSISSIPPI,KASKY_BIGMUDDY,CHESTER,29 May 2017, 22:00,369.07,372.14,462816,513606
109.9,MISSISSIPPI,KASKY_BIGMUDDY,CHESTER,29 May 2017, 24:00,369.04,372.03,462169,511280
109.9,MISSISSIPPI,KASKY_BIGMUDDY,CHESTER,30 May 2017, 02:00,369.01,372.09,461549,512548
109.9,MISSISSIPPI,KASKY_BIGMUDDY,CHESTER,30 May 2017, 04:00,368.98,372.06,460994,511914
109.9,MISSISSIPPI,KASKY_BIGMUDDY,CHESTER,30 May 2017, 06:00,368.95,372.03,460474,511280
